cours_eau;id_bdtopo;rang_source;rang_embouchure;abscisse_m;lat;lon;dist_tour_m;type_voie;pont;gue;tunnel_route;busé;materiaux;noms;sources
Canal de Renevier;COURDEAU0000002215478741;1;21;672.2;45.403911;6.003165;3525;track;0;0;0;0;;;BD
Canal de Renevier;COURDEAU0000002215478741;2;20;1297.0;45.398645;6.000376;4124;track;0;0;0;0;;;BD
Canal de Renevier;COURDEAU0000002215478741;3;19;1890.9;45.39364;5.997712;4700;road;1;0;0;0;surface=asphalt;R DE LA GARE|Rue de la Gare;BD|OSM
Canal de Renevier;COURDEAU0000002215478741;4;18;2931.8;45.384875;5.993198;5712;rail;1;0;0;0;;;OSM
Canal de Renevier;COURDEAU0000002215478741;5;17;2960.3;45.384711;5.992948;5738;mixed:foot+track;1;0;0;0;;;BD|OSM
Canal de Renevier;COURDEAU0000002215478741;6;16;4167.7;45.374538;5.987504;6928;road;1;0;0;0;;R DU STADE|Rue du Stade;BD|OSM
Canal de Renevier;COURDEAU0000002215478741;7;15;4749.1;45.369634;5.984906;7503;track;1;0;0;0;;;BD
Canal de Renevier;COURDEAU0000002215478741;8;14;4960.9;45.367918;5.984029;7703;road;0;0;0;0;;;BD
Canal de Renevier;COURDEAU0000002215478741;9;13;6752.4;45.352296;5.978786;9435;track;1;0;0;0;;;BD
Canal de Renevier;COURDEAU0000002215478741;10;12;7028.7;45.350149;5.977719;9686;road;1;0;0;0;;;BD
Canal de Renevier;COURDEAU0000002215478741;11;11;7099.6;45.349608;5.977399;9751;track;1;0;0;0;;;BD
Canal de Renevier;COURDEAU0000002215478741;12;10;7225.6;45.3487;5.976439;9875;track;1;0;0;0;;;BD
Canal de Renevier;COURDEAU0000002215478741;13;9;7597.7;45.345628;5.974852;10236;road;1;0;0;0;;RTE DES ILES;BD
Canal de Renevier;COURDEAU0000002215478741;14;8;8111.4;45.341996;5.970805;10737;track;1;0;0;0;;;BD
Canal de Renevier;COURDEAU0000002215478741;15;7;8397.4;45.339596;5.96948;11022;track;0;0;0;0;;;BD
Canal de Renevier;COURDEAU0000002215478741;16;6;8897.2;45.335217;5.968262;11502;track;0;0;0;0;;;BD
Canal de Renevier;COURDEAU0000002215478741;17;5;9053.4;45.333893;5.968775;11618;road;0;0;0;0;;;BD
Canal de Renevier;COURDEAU0000002215478741;18;4;9180.4;45.332856;5.968229;11741;foot;1;0;0;0;;;BD
Canal de Renevier;COURDEAU0000002215478741;19;3;9890.9;45.327016;5.964646;12447;track;1;0;0;0;;;BD
Canal de Renevier;COURDEAU0000002215478741;20;2;10455.7;45.324205;5.959079;12916;track;1;0;0;0;;;BD
Canal de Renevier;COURDEAU0000002215478741;21;1;11820.1;45.315886;5.946373;14189;road;0;0;0;0;;;BD
Ruisseau des Granges;COURDEAU0000002276548733;1;9;954.7;45.407963;5.963144;5794;mixed:foot+track;1;0;0;0;surface=compacted;Chemin de Pierre Plate;BD|OSM
Ruisseau des Granges;COURDEAU0000002276548733;2;8;1194.2;45.406953;5.965608;5665;road;1;0;0;0;;Route Rd9;BD|OSM
Ruisseau des Granges;COURDEAU0000002276548733;3;7;2312.9;45.403799;5.977982;4996;road;1;0;0;1;;R DE GRANGES|Rue des Granges;BD|OSM
Ruisseau des Granges;COURDEAU0000002276548733;4;6;2471.0;45.403705;5.979986;4872;road;0;0;0;1;;CHE DU CHARDONNET|Route Départementale 1090|route départementale 1090;BD|OSM
Ruisseau des Granges;COURDEAU0000002276548733;5;5;2823.9;45.402618;5.984224;4679;road;1;0;0;0;surface=asphalt;CHE DE L'EMPEREUR;BD|OSM
Ruisseau des Granges;COURDEAU0000002276548733;6;4;3054.3;45.401897;5.986984;4564;track;0;0;0;0;;;OSM
Ruisseau des Granges;COURDEAU0000002276548733;7;3;3096.8;45.401758;5.98749;4545;track;0;0;0;0;;;OSM
Ruisseau des Granges;COURDEAU0000002276548733;8;2;3601.2;45.399424;5.992978;4421;road;1;0;0;1;;;BD|OSM
Ruisseau des Granges;COURDEAU0000002276548733;9;1;3649.0;45.399206;5.993502;4412;track;0;0;0;0;;;BD|OSM
Ruisseau du Rif Mort;COURDEAU0000002276552724;1;16;66.4;45.42625;5.938971;7203;track;0;0;0;0;;;BD
Ruisseau du Rif Mort;COURDEAU0000002276552724;2;15;94.9;45.42614;5.939301;7178;track;0;0;0;0;;;BD
Ruisseau du Rif Mort;COURDEAU0000002276552724;3;14;259.9;45.425227;5.940932;7056;track;0;0;0;0;;;BD
Ruisseau du Rif Mort;COURDEAU0000002276552724;4;13;543.4;45.423394;5.943297;6886;track;0;0;0;0;;;BD
Ruisseau du Rif Mort;COURDEAU0000002276552724;5;12;833.7;45.422597;5.946744;6627;track;0;0;0;0;;;BD
Ruisseau du Rif Mort;COURDEAU0000002276552724;6;11;1275.0;45.421165;5.951801;6253;mixed:foot+track;0;0;0;0;;;BD|OSM
Ruisseau du Rif Mort;COURDEAU0000002276552724;7;10;1544.3;45.419826;5.954563;6062;track;0;0;0;0;;;BD
Ruisseau du Rif Mort;COURDEAU0000002276552724;8;9;1640.2;45.419231;5.955444;6006;track;0;0;0;0;;CHE JEAN PELLOUX|Chemin Jean Pelloux;BD|OSM
Ruisseau du Rif Mort;COURDEAU0000002276552724;9;8;1783.8;45.418458;5.956744;5922;road;1;0;0;0;surface=asphalt;RTE DE SAINT-GEORGES|Route de Saint-Georges;BD|OSM
Ruisseau du Rif Mort;COURDEAU0000002276552724;10;7;2315.6;45.414567;5.959686;5800;foot;0;0;0;0;;Chemin de Pierre Plate;BD|OSM
Ruisseau du Rif Mort;COURDEAU0000002276552724;11;6;2595.2;45.412302;5.960831;5789;foot;0;0;0;0;;Chemin de Pierre Plate;BD|OSM
Ruisseau du Rif Mort;COURDEAU0000002276552724;12;5;2917.2;45.410172;5.963413;5680;foot;0;0;0;0;;Sur Boissieu;BD|OSM
Ruisseau du Rif Mort;COURDEAU0000002276552724;13;4;3150.1;45.408594;5.965048;5629;foot;0;0;0;0;;;BD
Ruisseau du Rif Mort;COURDEAU0000002276552724;14;3;3316.9;45.408162;5.966747;5528;mixed:foot+track;1;0;0;0;;;BD|OSM
Ruisseau du Rif Mort;COURDEAU0000002276552724;15;2;3350.2;45.408193;5.967154;5497;road;1;0;0;0;;RTE DES PONTS;BD|OSM
Ruisseau du Rif Mort;COURDEAU0000002276552724;16;1;3375.7;45.408314;5.967426;5472;road;1;0;0;0;;R DE LA CHEVALERIE|Rue de la Chevalerie;BD|OSM
Ruisseau de la Ville;COURDEAU0000002000795345;1;23;66.4;45.42625;5.938971;7203;track;0;0;0;0;;;BD
Ruisseau de la Ville;COURDEAU0000002000795345;2;22;94.9;45.42614;5.939301;7178;track;0;0;0;0;;;BD
Ruisseau de la Ville;COURDEAU0000002000795345;3;21;259.9;45.425227;5.940932;7056;track;0;0;0;0;;;BD
Ruisseau de la Ville;COURDEAU0000002000795345;4;20;543.4;45.423394;5.943297;6886;track;0;0;0;0;;;BD
Ruisseau de la Ville;COURDEAU0000002000795345;5;19;833.7;45.422597;5.946744;6627;track;0;0;0;0;;;BD
Ruisseau de la Ville;COURDEAU0000002000795345;6;18;1275.0;45.421165;5.951801;6253;mixed:foot+track;0;0;0;0;;;BD|OSM
Ruisseau de la Ville;COURDEAU0000002000795345;7;17;1544.3;45.419826;5.954563;6062;track;0;0;0;0;;;BD
Ruisseau de la Ville;COURDEAU0000002000795345;8;16;1640.2;45.419231;5.955444;6006;track;0;0;0;0;;CHE JEAN PELLOUX|Chemin Jean Pelloux;BD|OSM
Ruisseau de la Ville;COURDEAU0000002000795345;9;15;1783.8;45.418458;5.956744;5922;road;1;0;0;0;surface=asphalt;RTE DE SAINT-GEORGES|Route de Saint-Georges;BD|OSM
Ruisseau de la Ville;COURDEAU0000002000795345;10;14;2315.6;45.414567;5.959686;5800;foot;0;0;0;0;;Chemin de Pierre Plate;BD|OSM
Ruisseau de la Ville;COURDEAU0000002000795345;11;13;2595.2;45.412302;5.960831;5789;foot;0;0;0;0;;Chemin de Pierre Plate;BD|OSM
Ruisseau de la Ville;COURDEAU0000002000795345;12;12;2917.2;45.410172;5.963413;5680;foot;0;0;0;0;;Sur Boissieu;BD|OSM
Ruisseau de la Ville;COURDEAU0000002000795345;13;11;3150.1;45.408594;5.965048;5629;foot;0;0;0;0;;;BD
Ruisseau de la Ville;COURDEAU0000002000795345;14;10;3316.9;45.408162;5.966747;5528;mixed:foot+track;1;0;0;0;;;BD|OSM
Ruisseau de la Ville;COURDEAU0000002000795345;15;9;3350.2;45.408193;5.967154;5497;road;1;0;0;0;;RTE DES PONTS;BD|OSM
Ruisseau de la Ville;COURDEAU0000002000795345;16;8;3375.7;45.408314;5.967426;5472;road;1;0;0;0;;R DE LA CHEVALERIE|Rue de la Chevalerie;BD|OSM
Ruisseau de la Ville;COURDEAU0000002000795345;17;7;5354.6;45.410359;5.97794;4632;track;0;0;0;0;;Chemin du Moulin;OSM
Ruisseau de la Ville;COURDEAU0000002000795345;18;6;5446.4;45.409535;5.977909;4676;track;0;0;0;0;;Chemin du Moulin;OSM
Ruisseau de la Ville;COURDEAU0000002000795345;19;5;5589.1;45.409002;5.979386;4601;road;0;0;0;1;;R DES HORTENSIAS|R DU CHATEAU DAUPHIN|Rue Château Dauphin;BD|OSM
Ruisseau de la Ville;COURDEAU0000002000795345;20;4;5880.0;45.406998;5.981398;4578;road;1;0;0;1;;Route Départementale 1090|route départementale 1090;BD|OSM
Ruisseau de la Ville;COURDEAU0000002000795345;21;3;6272.3;45.40538;5.985731;4399;road;1;0;0;1;;CHE DE L'EMPEREUR|Chemin de l'Empereur;BD|OSM
Ruisseau de la Ville;COURDEAU0000002000795345;22;2;7075.0;45.402474;5.995113;4059;road;1;0;0;1;;;BD|OSM
Ruisseau de la Ville;COURDEAU0000002000795345;23;1;7117.6;45.402317;5.99561;4045;track;0;0;0;1;;;BD|OSM
Ruisseau des Granges;COURDEAU0000002000795344;1;18;53.4;45.419284;5.937653;7378;track;0;0;0;0;;;BD
Ruisseau des Granges;COURDEAU0000002000795344;2;17;237.1;45.418458;5.939661;7237;foot;0;0;0;0;;;BD
Ruisseau des Granges;COURDEAU0000002000795344;3;16;275.6;45.418284;5.940084;7207;foot;0;0;0;0;;;BD
Ruisseau des Granges;COURDEAU0000002000795344;4;15;527.0;45.416837;5.942465;7053;track;0;0;0;0;;;BD
Ruisseau des Granges;COURDEAU0000002000795344;5;14;737.9;45.415484;5.944268;6945;mixed:foot+track;0;0;0;0;;RTE FORESTIERE DE L'ALPE;BD
Ruisseau des Granges;COURDEAU0000002000795344;6;13;802.9;45.415433;5.945041;6887;track;0;0;0;0;;;BD
Ruisseau des Granges;COURDEAU0000002000795344;7;12;1011.6;45.414847;5.947405;6722;track;0;0;0;0;;;BD|OSM
Ruisseau des Granges;COURDEAU0000002000795344;8;11;1305.9;45.412754;5.949499;6621;road;0;0;0;0;;RTE DE SAINT-GEORGES|Route de Saint-Georges;BD|OSM
Ruisseau des Granges;COURDEAU0000002000795344;9;10;1594.4;45.411698;5.952691;6415;foot;1;1;0;0;BD:Passerelle;;BD|OSM|OSMford
Ruisseau des Granges;COURDEAU0000002000795344;10;9;2680.0;45.407963;5.963144;5794;mixed:foot+track;1;0;0;0;surface=compacted;Chemin de Pierre Plate;BD|OSM
Ruisseau des Granges;COURDEAU0000002000795344;11;8;2919.4;45.406953;5.965608;5665;road;1;0;0;0;;Route Rd9;BD|OSM
Ruisseau des Granges;COURDEAU0000002000795344;12;7;4038.1;45.403799;5.977982;4996;road;1;0;0;1;;R DE GRANGES|Rue des Granges;BD|OSM
Ruisseau des Granges;COURDEAU0000002000795344;13;6;4196.2;45.403705;5.979986;4872;road;0;0;0;1;;CHE DU CHARDONNET|Route Départementale 1090|route départementale 1090;BD|OSM
Ruisseau des Granges;COURDEAU0000002000795344;14;5;4549.2;45.402618;5.984224;4679;road;1;0;0;0;surface=asphalt;CHE DE L'EMPEREUR;BD|OSM
Ruisseau des Granges;COURDEAU0000002000795344;15;4;4779.5;45.401897;5.986984;4564;track;0;0;0;0;;;OSM
Ruisseau des Granges;COURDEAU0000002000795344;16;3;4822.0;45.401758;5.98749;4545;track;0;0;0;0;;;OSM
Ruisseau des Granges;COURDEAU0000002000795344;17;2;5326.4;45.399424;5.992978;4421;road;1;0;0;1;;;BD|OSM
Ruisseau des Granges;COURDEAU0000002000795344;18;1;5374.3;45.399206;5.993502;4412;track;0;0;0;0;;;BD|OSM
Ruisseau de la Maladière;COURDEAU0000002000795341;1;16;493.5;45.43425;5.971508;4691;foot;0;1;0;0;;;OSM|OSMford
Ruisseau de la Maladière;COURDEAU0000002000795341;2;15;986.4;45.432969;5.977134;4237;road;0;0;0;0;;Rue de l'Ancienne Poste|Rue de la Rua;BD|OSM
Ruisseau de la Maladière;COURDEAU0000002000795341;3;14;1068.8;45.432505;5.977957;4168;road;0;0;0;0;;R DE LA CORVA;BD|OSM
Ruisseau de la Maladière;COURDEAU0000002000795341;4;13;1262.5;45.431196;5.979496;4037;track;1;0;0;0;;CHE DU SECHIDENT;BD|OSM
Ruisseau de la Maladière;COURDEAU0000002000795341;5;12;1571.1;45.428766;5.980997;3911;road;0;0;0;1;;R DE L'ANCIEN TRAM|Rue de l'Ancien Tram;BD|OSM
Ruisseau de la Maladière;COURDEAU0000002000795341;6;11;1676.9;45.427854;5.981325;3887;road;1;0;0;0;;;OSM
Ruisseau de la Maladière;COURDEAU0000002000795341;7;10;1806.6;45.426776;5.980716;3940;road;1;0;0;1;;CHE DU MOULIN|Chemin du Moulin;BD|OSM
Ruisseau de la Maladière;COURDEAU0000002000795341;8;9;2581.6;45.420962;5.981903;3940;mixed:foot+track;0;0;0;1;;;BD|OSM
Ruisseau de la Maladière;COURDEAU0000002000795341;9;8;2779.4;45.419326;5.982439;3944;road;1;0;0;1;BD:Passerelle;RTE DU CHATELARD|Route du Chatelard;BD|OSM
Ruisseau de la Maladière;COURDEAU0000002000795341;10;7;2951.2;45.418542;5.984204;3836;road;0;0;0;1;;CHE DE COGNIN|Chemin de Cognin;BD|OSM
Ruisseau de la Maladière;COURDEAU0000002000795341;11;6;3124.5;45.41795;5.986252;3705;road;0;0;0;1;;Route Départementale 1090|route départementale 1090;BD|OSM
Ruisseau de la Maladière;COURDEAU0000002000795341;12;5;3523.9;45.416159;5.990496;3469;road;1;0;0;0;surface=chipseal;CHE DE L'EMPEREUR;BD|OSM
Ruisseau de la Maladière;COURDEAU0000002000795341;13;4;3913.5;45.414013;5.994066;3327;track;0;0;0;0;;;BD
Ruisseau de la Maladière;COURDEAU0000002000795341;14;3;4087.4;45.413512;5.996158;3216;track;0;0;0;1;;;BD|OSM
Ruisseau de la Maladière;COURDEAU0000002000795341;15;2;4361.5;45.41254;5.999377;3068;road;1;0;0;1;;;BD|OSM
Ruisseau de la Maladière;COURDEAU0000002000795341;16;1;4421.2;45.412351;6.000077;3036;track;0;0;0;1;;;BD|OSM
Ruisseau des Dégoutés;COURDEAU0000002000795343;1;17;185.8;45.428576;5.939888;7126;track;0;0;0;0;;;BD
Ruisseau des Dégoutés;COURDEAU0000002000795343;2;16;353.6;45.42809;5.941919;6967;track;0;0;0;0;;;BD
Ruisseau des Dégoutés;COURDEAU0000002000795343;3;15;616.7;45.426769;5.944684;6755;track;0;0;0;0;;;BD
Ruisseau des Dégoutés;COURDEAU0000002000795343;4;14;693.2;45.426413;5.945515;6691;track;0;0;0;0;;;BD
Ruisseau des Dégoutés;COURDEAU0000002000795343;5;13;744.4;45.426223;5.946112;6646;track;0;0;0;0;;;BD
Ruisseau des Dégoutés;COURDEAU0000002000795343;6;12;1072.6;45.424637;5.949633;6381;track;0;0;0;0;;;BD
Ruisseau des Dégoutés;COURDEAU0000002000795343;7;11;1133.6;45.424264;5.950204;6340;foot;0;0;0;0;;;BD
Ruisseau des Dégoutés;COURDEAU0000002000795343;8;10;1158.1;45.424116;5.950436;6323;track;0;0;0;0;;Chemin des Guimets;OSM
Ruisseau des Dégoutés;COURDEAU0000002000795343;9;9;1494.2;45.423782;5.954595;6003;road;0;0;0;1;;Chemin de Doyon|R DE DOYON;BD|OSM
Ruisseau des Dégoutés;COURDEAU0000002000795343;10;8;1695.7;45.423823;5.957099;5807;track;0;0;0;0;;Chemin de Saint-Georges à Saint-Marcel;BD|OSM
Ruisseau des Dégoutés;COURDEAU0000002000795343;11;7;2081.3;45.421303;5.958682;5718;road;0;0;0;1;;RTE DE SAINT-GEORGES|Route de Saint-Georges;BD|OSM
Ruisseau des Dégoutés;COURDEAU0000002000795343;12;6;2239.3;45.420927;5.960613;5576;foot;0;1;0;0;;;BD|OSM|OSMford
Ruisseau des Dégoutés;COURDEAU0000002000795343;13;5;2545.3;45.420457;5.964357;5296;foot;1;0;0;0;;;BD|OSM
Ruisseau des Dégoutés;COURDEAU0000002000795343;14;4;2798.2;45.419769;5.967374;5078;foot;0;0;0;0;;Sur Boissieu;BD|OSM
Ruisseau des Dégoutés;COURDEAU0000002000795343;15;3;3347.9;45.418322;5.973426;4653;road;0;0;0;1;;R GUSTAVE RIVET|Rue Gustave Rivet;BD|OSM
Ruisseau des Dégoutés;COURDEAU0000002000795343;16;2;3427.4;45.418645;5.974326;4576;rail;0;0;0;0;;;OSM
Ruisseau des Dégoutés;COURDEAU0000002000795343;17;1;3491.9;45.419009;5.974968;4518;road;1;0;0;1;;RTE DE MARGILLAN|Route de Margillan;BD|OSM
Ruisseau de Séchident;COURDEAU0000002276549258;1;1;493.5;45.43425;5.971508;4691;foot;0;1;0;0;;;OSM|OSMford
Ruisseau de la Maladière;COURDEAU0000002276554820;1;15;406.9;45.432969;5.977134;4237;road;0;0;0;0;;Rue de l'Ancienne Poste|Rue de la Rua;BD|OSM
Ruisseau de la Maladière;COURDEAU0000002276554820;2;14;489.3;45.432505;5.977957;4168;road;0;0;0;0;;R DE LA CORVA;BD|OSM
Ruisseau de la Maladière;COURDEAU0000002276554820;3;13;683.0;45.431196;5.979496;4037;track;1;0;0;0;;CHE DU SECHIDENT;BD|OSM
Ruisseau de la Maladière;COURDEAU0000002276554820;4;12;991.6;45.428766;5.980997;3911;road;0;0;0;1;;R DE L'ANCIEN TRAM|Rue de l'Ancien Tram;BD|OSM
Ruisseau de la Maladière;COURDEAU0000002276554820;5;11;1097.4;45.427854;5.981325;3887;road;1;0;0;0;;;OSM
Ruisseau de la Maladière;COURDEAU0000002276554820;6;10;1227.1;45.426776;5.980716;3940;road;1;0;0;1;;CHE DU MOULIN|Chemin du Moulin;BD|OSM
Ruisseau de la Maladière;COURDEAU0000002276554820;7;9;2002.1;45.420962;5.981903;3940;mixed:foot+track;0;0;0;1;;;BD|OSM
Ruisseau de la Maladière;COURDEAU0000002276554820;8;8;2199.8;45.419326;5.982439;3944;road;1;0;0;1;BD:Passerelle;RTE DU CHATELARD|Route du Chatelard;BD|OSM
Ruisseau de la Maladière;COURDEAU0000002276554820;9;7;2371.7;45.418542;5.984204;3836;road;0;0;0;1;;CHE DE COGNIN|Chemin de Cognin;BD|OSM
Ruisseau de la Maladière;COURDEAU0000002276554820;10;6;2545.0;45.41795;5.986252;3705;road;0;0;0;1;;Route Départementale 1090|route départementale 1090;BD|OSM
Ruisseau de la Maladière;COURDEAU0000002276554820;11;5;2944.3;45.416159;5.990496;3469;road;1;0;0;0;surface=chipseal;CHE DE L'EMPEREUR;BD|OSM
Ruisseau de la Maladière;COURDEAU0000002276554820;12;4;3334.0;45.414013;5.994066;3327;track;0;0;0;0;;;BD
Ruisseau de la Maladière;COURDEAU0000002276554820;13;3;3507.8;45.413512;5.996158;3216;track;0;0;0;1;;;BD|OSM
Ruisseau de la Maladière;COURDEAU0000002276554820;14;2;3782.0;45.41254;5.999377;3068;road;1;0;0;1;;;BD|OSM
Ruisseau de la Maladière;COURDEAU0000002276554820;15;1;3841.7;45.412351;6.000077;3036;track;0;0;0;1;;;BD|OSM
Ruisseau du Furet;COURDEAU0000002000795342;1;15;223.5;45.437254;5.943122;6935;track;0;0;0;0;;;BD
Ruisseau du Furet;COURDEAU0000002000795342;2;14;371.5;45.437406;5.94496;6795;foot;0;0;0;0;;;BD
Ruisseau du Furet;COURDEAU0000002000795342;3;13;692.1;45.43771;5.948977;6489;track;0;0;0;0;;;BD
Ruisseau du Furet;COURDEAU0000002000795342;4;12;961.1;45.439236;5.951458;6326;track;0;0;0;0;;;BD
Ruisseau du Furet;COURDEAU0000002000795342;5;11;1062.2;45.43942;5.952686;6235;track;0;0;0;0;;;BD
Ruisseau du Furet;COURDEAU0000002000795342;6;10;1120.7;45.43954;5.953375;6185;track;0;0;0;0;;;BD
Ruisseau du Furet;COURDEAU0000002000795342;7;9;1461.4;45.439914;5.95762;5868;road;1;0;0;1;;RTE DES PETITES ROCHES;BD|OSM
Ruisseau du Furet;COURDEAU0000002000795342;8;8;1975.7;45.441503;5.963566;5457;foot;0;0;0;0;;;OSM
Ruisseau du Furet;COURDEAU0000002000795342;9;7;2096.8;45.441657;5.965094;5346;foot;0;0;0;0;;;OSM
Ruisseau du Furet;COURDEAU0000002000795342;10;6;2119.5;45.441659;5.965384;5324;foot;0;0;0;0;;;BD|OSM
Ruisseau du Furet;COURDEAU0000002000795342;11;5;3067.8;45.439989;5.976213;4459;mixed:foot+road;1;0;0;1;;R DE CHAMP BRISSON|Rue de Champ Brisson;BD|OSM
Ruisseau du Furet;COURDEAU0000002000795342;12;4;3414.5;45.440787;5.980327;4178;road;1;0;0;0;;R DE MAUPERRIER;BD|OSM
Ruisseau du Furet;COURDEAU0000002000795342;13;3;3763.4;45.440206;5.984606;3841;road;0;0;0;1;;RTE DE CHAPAREILLAN|Route de Chapareillan;BD|OSM
Ruisseau du Furet;COURDEAU0000002000795342;14;2;5472.1;45.446954;5.999267;3193;road;1;0;0;0;surface=asphalt;Pont du Furet|RTE DU GRESIVAUDAN;BD|OSM
Ruisseau du Furet;COURDEAU0000002000795342;15;1;5778.4;45.446766;6.003164;2948;road;0;0;0;1;;;BD|OSM
Ruisseau de la Fourchette;COURDEAU0000002000795333;1;13;311.5;45.445837;5.951461;6499;foot;0;0;0;0;;;BD
Ruisseau de la Fourchette;COURDEAU0000002000795333;2;12;419.7;45.445958;5.952833;6400;track;0;0;0;0;;;BD
Ruisseau de la Fourchette;COURDEAU0000002000795333;3;11;802.5;45.447237;5.957299;6113;track;0;1;0;0;;;BD|OSM|OSMford
Ruisseau de la Fourchette;COURDEAU0000002000795333;4;10;1336.6;45.449892;5.962919;5813;road;1;0;0;1;;RTE DES PETITES ROCHES|Route des Petites Roches;BD|OSM
Ruisseau de la Fourchette;COURDEAU0000002000795333;5;9;1449.9;45.450438;5.964135;5751;track;0;0;0;0;;CHE DES CROZETS;BD|OSM
Ruisseau de la Fourchette;COURDEAU0000002000795333;6;8;1980.6;45.45144;5.970547;5351;foot;0;1;0;0;;;BD|OSM|OSMford
Ruisseau de la Fourchette;COURDEAU0000002000795333;7;7;2360.3;45.45272;5.974253;5168;mixed:foot+track;0;1;0;0;;;BD|OSM|OSMford
Ruisseau de la Fourchette;COURDEAU0000002000795333;8;6;2903.2;45.449791;5.979126;4675;track;0;1;0;0;;;BD|OSM|OSMford
Ruisseau de la Fourchette;COURDEAU0000002000795333;9;5;2999.9;45.448942;5.979399;4610;track;0;0;0;0;;;BD|OSM
Ruisseau de la Fourchette;COURDEAU0000002000795333;10;4;3244.7;45.446909;5.979935;4468;track;1;0;0;0;;;BD
Ruisseau de la Fourchette;COURDEAU0000002000795333;11;3;3483.4;45.445268;5.981674;4266;road;0;0;0;1;;Impasse de la Cuiller;BD|OSM
Ruisseau de la Fourchette;COURDEAU0000002000795333;12;2;3535.2;45.444937;5.98214;4217;road;0;0;0;1;;R DE LA CUILLER|Rue de la Cuiller;BD|OSM
Ruisseau de la Fourchette;COURDEAU0000002000795333;13;1;3874.0;45.44414;5.986277;3887;road;0;0;0;1;;RTE DE CHAPAREILLAN|Route de Chapareillan;BD|OSM
le Cernon;COURDEAU0000002000795332;1;14;21.7;45.451012;5.939489;7566;foot;0;0;0;0;;;BD
le Cernon;COURDEAU0000002000795332;2;13;674.3;45.451632;5.946903;7045;foot;0;1;0;0;;;BD|OSM|OSMford
le Cernon;COURDEAU0000002000795332;3;12;939.9;45.453117;5.949511;6917;foot;0;0;0;0;;;BD
le Cernon;COURDEAU0000002000795332;4;11;1481.2;45.455361;5.954913;6637;road;1;0;0;0;;RTE DES PETITES ROCHES|Route des Petites Roches;BD|OSM
le Cernon;COURDEAU0000002000795332;5;10;1922.3;45.456041;5.959919;6324;track;1;0;0;0;;CHE DE CREVE-COEUR|Chemin de la Martine;BD|OSM
le Cernon;COURDEAU0000002000795332;6;9;3751.3;45.455812;5.980274;4968;foot;1;0;0;0;;;BD
le Cernon;COURDEAU0000002000795332;7;8;4029.9;45.455272;5.983476;4733;track;1;0;0;0;;;BD|OSM
le Cernon;COURDEAU0000002000795332;8;7;4190.6;45.455951;5.985177;4678;track;1;0;0;0;;CHE DU CARBURE;BD|OSM
le Cernon;COURDEAU0000002000795332;9;6;4662.4;45.458443;5.988097;4695;road;1;0;0;0;;CHE DE SERVETTE|Chemin de Servette;BD|OSM
le Cernon;COURDEAU0000002000795332;10;5;5088.1;45.461756;5.989845;4868;road;1;0;0;0;surface=asphalt;R DE CERNON;BD|OSM
le Cernon;COURDEAU0000002000795332;11;4;5297.6;45.46263;5.992077;4829;road;1;0;0;0;;R DU SOUVENIR FRANCAIS|Rue du Souvenir Français;BD|OSM
le Cernon;COURDEAU0000002000795332;12;3;5361.7;45.462871;5.992792;4815;road;1;0;0;0;surface=asphalt;R DES BLARDS|Rue des Blards;BD|OSM
le Cernon;COURDEAU0000002000795332;13;2;5521.7;45.4635;5.994284;4799;road;1;0;0;0;;RTE DU GRESIVAUDAN|Route du Grésivaudan;BD|OSM
le Cernon;COURDEAU0000002000795332;14;1;6033.8;45.466243;5.999013;4846;road;1;0;0;0;surface=asphalt;;BD|OSM
Glandon;COURDEAU0000002000795329;1;25;636.0;45.475382;5.932149;9295;mixed:foot+track;0;0;0;0;;;BD
Glandon;COURDEAU0000002000795329;2;24;761.2;45.475968;5.933417;9249;track;0;0;0;0;;;BD
Glandon;COURDEAU0000002000795329;3;23;1180.3;45.477958;5.937836;9097;road;1;0;0;0;;RTE DES ENTREMONTS;BD
Glandon;COURDEAU0000002000795329;4;22;2066.1;45.480476;5.947785;8669;foot;0;0;0;0;;Sentier Forestier Pédagogique;BD|OSM
Glandon;COURDEAU0000002000795329;5;21;2119.1;45.480525;5.948413;8636;track;1;0;0;0;;;BD
Glandon;COURDEAU0000002000795329;6;20;2495.2;45.481055;5.953035;8410;foot;0;0;0;0;;;BD|OSM
Glandon;COURDEAU0000002000795329;7;19;2560.1;45.481079;5.953848;8366;track;0;0;0;0;;;BD|OSM
Glandon;COURDEAU0000002000795329;8;18;2777.5;45.481594;5.956373;8265;foot;0;0;0;0;;;BD|OSM
Glandon;COURDEAU0000002000795329;9;17;3153.0;45.483651;5.959842;8243;mixed:foot+track;0;0;0;0;;;BD|OSM
Glandon;COURDEAU0000002000795329;10;16;3373.1;45.485365;5.960817;8334;mixed:foot+track;0;0;0;0;;;BD|OSM
Glandon;COURDEAU0000002000795329;11;15;3585.2;45.486235;5.962983;8298;track;0;0;0;1;;;BD|OSM
Glandon;COURDEAU0000002000795329;12;14;3647.7;45.486724;5.963127;8332;track;0;0;0;0;;;BD|OSM
Glandon;COURDEAU0000002000795329;13;13;3775.3;45.487578;5.963792;8373;track;0;0;0;1;;;BD|OSM
Glandon;COURDEAU0000002000795329;14;12;4071.0;45.487789;5.966417;8264;road;0;0;0;1;;CHE DES ABYMES|Chemin des Abymes;BD|OSM
Glandon;COURDEAU0000002000795329;15;11;4240.6;45.48929;5.966557;8390;mixed:foot+track;0;0;0;0;;;BD|OSM
Glandon;COURDEAU0000002000795329;16;10;4591.8;45.490589;5.969808;8358;road;0;0;0;0;;CHE DES EAUX SAINT-ANDRE;BD
Glandon;COURDEAU0000002000795329;17;9;5054.2;45.491695;5.974938;8239;track;0;0;0;0;;CHE DES EYGUES;BD
Glandon;COURDEAU0000002000795329;18;8;5211.2;45.490644;5.976113;8091;road;1;0;0;0;;CHE DU MOULIN DE SAINT-ANDRE|Chemin du Pont de l'Étang;BD|OSM
Glandon;COURDEAU0000002000795329;19;7;5267.3;45.490241;5.97643;8040;road;0;0;0;0;;;BD
Glandon;COURDEAU0000002000795329;20;6;5540.9;45.488144;5.977354;7805;road;1;0;0;0;;;BD|OSM
Glandon;COURDEAU0000002000795329;21;5;6005.3;45.486941;5.98259;7477;track;1;0;0;0;;CHE DU MOULIN GENTON|chemin du Moulin Genton;BD|OSM
Glandon;COURDEAU0000002000795329;22;4;6194.0;45.485298;5.982554;7322;road;1;0;0;1;;CHE DE SAINT-MARTIN|Route des Celliers;BD|OSM
Glandon;COURDEAU0000002000795329;23;3;6968.4;45.48022;5.985336;6728;track;1;0;0;1;;;BD|OSM
Glandon;COURDEAU0000002000795329;24;2;7340.6;45.47757;5.987886;6373;road;1;0;0;1;;Pont Royal|Route du Grésivaudan;BD|OSM
Glandon;COURDEAU0000002000795329;25;1;8112.6;45.474108;5.996196;5713;track;1;0;0;0;;PONT RIHARD|Pont Richard;BD|OSM
Ruisseau du Villard;COURDEAU0000002491709649;1;4;65.1;45.386525;6.001454;5241;road;0;0;0;0;;R DE LA HOUILLE BLANCHE;BD|OSM
Ruisseau du Villard;COURDEAU0000002491709649;2;3;267.9;45.386874;5.998911;5297;road;0;0;0;0;;AV DE SAVOIE|Avenue de Savoie|R DE LA SITRE|Rue de la Sitre;BD|OSM
Ruisseau du Villard;COURDEAU0000002491709649;3;2;516.9;45.387306;5.995788;5376;road;0;0;0;0;;R DE BELLEDONNE|Rue de Belledonne;BD|OSM
Ruisseau du Villard;COURDEAU0000002491709649;4;1;617.4;45.38748;5.994529;5411;foot;0;0;0;0;;;OSM
Ruisseau du Villard;COURDEAU0000002000795354;1;13;45.0;45.386104;6.02367;4784;mixed:foot+track;0;0;0;0;;;BD|OSM
Ruisseau du Villard;COURDEAU0000002000795354;2;12;599.9;45.388124;6.017354;4650;mixed:foot+track;0;0;0;0;;;BD|OSM
Ruisseau du Villard;COURDEAU0000002000795354;3;11;693.0;45.388342;6.01621;4648;road;0;0;0;1;;Route de l'Abbaye;BD|OSM
Ruisseau du Villard;COURDEAU0000002000795354;4;10;1071.1;45.389056;6.011602;4675;road;0;0;0;1;;;BD|OSM
Ruisseau du Villard;COURDEAU0000002000795354;5;9;1280.9;45.388275;6.009375;4816;foot;0;1;0;0;;CHE DU TROUILLET|Chemin du Trouillet;BD|OSM|OSMford
Ruisseau du Villard;COURDEAU0000002000795354;6;8;1627.5;45.387737;6.005443;4987;road;0;0;0;1;;RTE DU VILLARD|Route du Villard;BD|OSM
Ruisseau du Villard;COURDEAU0000002000795354;7;7;1774.2;45.387335;6.003709;5083;road;0;0;0;1;;RTE DU VILLARD|Route du Villard;BD|OSM
Ruisseau du Villard;COURDEAU0000002000795354;8;6;1935.8;45.386374;6.00241;5223;track;0;0;0;0;;Ancien Chemin du Villard;BD|OSM
Ruisseau du Villard;COURDEAU0000002000795354;9;5;2032.1;45.387099;6.001819;5171;track;0;0;0;0;;Ancien Chemin du Villard;BD|OSM
Ruisseau du Villard;COURDEAU0000002000795354;10;4;2228.1;45.387715;5.999479;5194;road;0;0;0;1;;ACH DU VILLARD|AV DE SAVOIE|Ancien Chemin du Villard;BD|OSM
Ruisseau du Villard;COURDEAU0000002000795354;11;3;2365.7;45.388183;5.997852;5210;mixed:foot+road;0;0;0;1;;R DE LA JASSE|R DU LEAT|Rue de la Jasse|Rue du Léat;BD|OSM
Ruisseau du Villard;COURDEAU0000002000795354;12;2;2438.8;45.388592;5.997138;5199;track;0;0;0;0;;;BD
Ruisseau du Villard;COURDEAU0000002000795354;13;1;2504.4;45.388648;5.996334;5226;road;0;0;0;1;;RTE DU ROMPAY|Route du Rompay;BD|OSM
Ruisseau de la Ville;COURDEAU0000002276554817;1;7;707.7;45.410359;5.97794;4632;track;0;0;0;0;;Chemin du Moulin;OSM
Ruisseau de la Ville;COURDEAU0000002276554817;2;6;799.5;45.409535;5.977909;4676;track;0;0;0;0;;Chemin du Moulin;OSM
Ruisseau de la Ville;COURDEAU0000002276554817;3;5;942.2;45.409002;5.979386;4601;road;0;0;0;1;;R DES HORTENSIAS|R DU CHATEAU DAUPHIN|Rue Château Dauphin;BD|OSM
Ruisseau de la Ville;COURDEAU0000002276554817;4;4;1233.1;45.406998;5.981398;4578;road;1;0;0;1;;Route Départementale 1090|route départementale 1090;BD|OSM
Ruisseau de la Ville;COURDEAU0000002276554817;5;3;1625.4;45.40538;5.985731;4399;road;1;0;0;1;;CHE DE L'EMPEREUR|Chemin de l'Empereur;BD|OSM
Ruisseau de la Ville;COURDEAU0000002276554817;6;2;2428.1;45.402474;5.995113;4059;road;1;0;0;1;;;BD|OSM
Ruisseau de la Ville;COURDEAU0000002276554817;7;1;2470.7;45.402317;5.99561;4045;track;0;0;0;1;;;BD|OSM
Ruisseau du Papet;COURDEAU0000002000795350;1;17;70.0;45.398657;6.040505;3437;track;0;0;0;0;;;BD
Ruisseau du Papet;COURDEAU0000002000795350;2;16;178.6;45.399452;6.039697;3337;foot;0;0;0;0;;;BD
Ruisseau du Papet;COURDEAU0000002000795350;3;15;499.6;45.401671;6.037244;3060;track;0;0;0;0;;Route Forestière dite de Clarfait;BD|OSM
Ruisseau du Papet;COURDEAU0000002000795350;4;14;778.0;45.403802;6.035491;2806;track;0;0;0;0;;;BD
Ruisseau du Papet;COURDEAU0000002000795350;5;13;1095.3;45.404899;6.032466;2665;track;0;0;0;1;;;BD|OSM
Ruisseau du Papet;COURDEAU0000002000795350;6;12;1329.2;45.405832;6.02988;2560;foot;0;0;0;0;;;BD
Ruisseau du Papet;COURDEAU0000002000795350;7;11;1638.4;45.40775;6.027552;2361;foot;0;0;0;0;;;BD
Ruisseau du Papet;COURDEAU0000002000795350;8;10;2600.4;45.414527;6.021993;1742;road;1;0;0;1;;RTE DE MONTAUCHER|Route de Montaucher;BD|OSM
Ruisseau du Papet;COURDEAU0000002000795350;9;9;3119.8;45.412227;6.016651;2163;mixed:foot+track;0;1;0;0;;;BD|OSM|OSMford
Ruisseau du Papet;COURDEAU0000002000795350;10;8;3258.5;45.411736;6.015031;2277;road;1;0;0;0;;RTE DE MALBOURGET;BD|OSM
Ruisseau du Papet;COURDEAU0000002000795350;11;7;3484.8;45.411558;6.012428;2410;road;1;0;0;0;;CHE DE LA CORVA|Chemin de la Corva;BD|OSM
Ruisseau du Papet;COURDEAU0000002000795350;12;6;3710.3;45.411617;6.009592;2545;road;1;0;0;1;;RTE DE GRENOBLE|Route de Grenoble;BD|OSM
Ruisseau du Papet;COURDEAU0000002000795350;13;5;3899.8;45.411898;6.007261;2647;road;1;0;0;1;;CHE DE CARAILLOU|Ligne de Grenoble à Montmélian;BD|OSM
Ruisseau du Papet;COURDEAU0000002000795350;14;4;4350.5;45.409875;6.005854;2885;road;1;0;0;0;surface=asphalt;;BD|OSM
Ruisseau du Papet;COURDEAU0000002000795350;15;3;4885.3;45.405376;6.00353;3381;foot;1;0;0;0;;;BD
Ruisseau du Papet;COURDEAU0000002000795350;16;2;5794.8;45.397709;5.999456;4251;foot;0;0;0;0;;;OSM
Ruisseau du Papet;COURDEAU0000002000795350;17;1;6227.6;45.394184;5.997788;4647;rail;1;0;0;1;;Ligne de Grenoble à Montmélian;OSM
Ruisseau de Romanon;COURDEAU0000002215482004;1;1;493.8;45.463167;5.983008;5347;track;0;0;0;0;;;BD
le Béal de l'Ormet;COURDEAU0000002000795334;1;3;1102.1;45.473198;6.003773;5363;road;0;0;0;1;;CHE DES CLAYETTES|Chemin des Clayettes;BD|OSM
le Béal de l'Ormet;COURDEAU0000002000795334;2;2;1429.4;45.473448;6.007881;5270;road;1;0;0;1;;Route de Francin;BD|OSM
le Béal de l'Ormet;COURDEAU0000002000795334;3;1;1642.8;45.472917;6.010231;5154;track;1;0;0;0;;;BD
Ruisseau du Trouillet;COURDEAU0000002215482031;1;13;161.5;45.389059;6.022497;4471;track;0;0;0;0;;;BD
Ruisseau du Trouillet;COURDEAU0000002215482031;2;12;343.0;45.38966;6.020393;4433;mixed:foot+track;0;0;0;0;;;BD|OSM
Ruisseau du Trouillet;COURDEAU0000002215482031;3;11;431.2;45.390087;6.019459;4401;foot;0;0;0;0;;;BD
Ruisseau du Trouillet;COURDEAU0000002215482031;4;10;582.1;45.390653;6.017725;4370;road;0;0;0;0;;Route de l'Abbaye;BD|OSM
Ruisseau du Trouillet;COURDEAU0000002215482031;5;9;711.6;45.391133;6.016232;4348;mixed:foot+track;0;0;0;0;;;BD|OSM
Ruisseau du Trouillet;COURDEAU0000002215482031;6;8;878.5;45.391621;6.014257;4340;foot;0;0;0;0;;;OSM
Ruisseau du Trouillet;COURDEAU0000002215482031;7;7;927.7;45.391691;6.01364;4347;foot;0;0;0;0;;;BD|OSM
Ruisseau du Trouillet;COURDEAU0000002215482031;8;6;963.7;45.391726;6.013185;4355;mixed:foot+road;0;0;0;0;;RTE DU TROUILLET|Route du Trouillet;BD|OSM
Ruisseau du Trouillet;COURDEAU0000002215482031;9;5;1008.4;45.391904;6.012681;4349;road;0;0;0;0;;Rue du Four;OSM
Ruisseau du Trouillet;COURDEAU0000002215482031;10;4;1057.5;45.392169;6.012191;4334;mixed:foot+road;0;0;0;0;;CHE DES PLANTEES|Chemin des Plantées|R DU FOUR;BD|OSM
Ruisseau du Trouillet;COURDEAU0000002215482031;11;3;1158.7;45.392694;6.011153;4308;road;1;0;0;0;;RTE DU TROUILLET|Route du Trouillet;BD|OSM
Ruisseau du Trouillet;COURDEAU0000002215482031;12;2;1339.2;45.393142;6.008965;4327;road;0;0;0;0;;Les Vignasses|RTE DU TROUILLET|Route du Trouillet;BD|OSM
Ruisseau du Trouillet;COURDEAU0000002215482031;13;1;1509.0;45.393006;6.006948;4406;road;0;0;0;0;;CHE DES CORVEES|Chemin des Corvées;BD|OSM
le Bréda;COURDEAU0000002000794838;1;44;489.0;45.263458;6.074927;18689;foot;0;0;0;0;;;BD
le Bréda;COURDEAU0000002000794838;2;43;551.5;45.263655;6.074203;18658;foot;0;0;0;0;;;BD
le Bréda;COURDEAU0000002000794838;3;42;582.2;45.263694;6.073816;18648;foot;0;0;0;0;;;BD
le Bréda;COURDEAU0000002000794838;4;41;703.5;45.264046;6.072367;18589;foot;0;0;0;0;;;BD
le Bréda;COURDEAU0000002000794838;5;40;776.8;45.264154;6.071479;18565;foot;0;0;0;0;;;BD
le Bréda;COURDEAU0000002000794838;6;39;2198.9;45.273082;6.079714;17717;foot;1;0;0;0;;;BD
le Bréda;COURDEAU0000002000794838;7;38;3463.8;45.282035;6.074492;16659;road;1;0;0;0;;RTE DE LA MARTINETTE;BD
le Bréda;COURDEAU0000002000794838;8;37;4281.5;45.288477;6.076482;15993;road;1;0;0;0;;RTE DES HABERTS;BD
le Bréda;COURDEAU0000002000794838;9;36;5374.6;45.296904;6.079045;15131;road;1;0;0;0;;RTE DU HAUT BREDA;BD
le Bréda;COURDEAU0000002000794838;10;35;6363.6;45.304761;6.079402;14294;track;1;0;0;0;;;BD
le Bréda;COURDEAU0000002000794838;11;34;6780.2;45.307861;6.077715;13927;foot;1;0;0;0;;;BD
le Bréda;COURDEAU0000002000794838;12;33;8124.1;45.318848;6.083185;12883;road;1;0;0;0;;;BD
le Bréda;COURDEAU0000002000794838;13;32;10395.7;45.336543;6.091525;11294;track;1;0;0;0;;;BD
le Bréda;COURDEAU0000002000794838;14;31;10706.7;45.3392;6.092507;11061;foot;1;0;0;0;;;BD
le Bréda;COURDEAU0000002000794838;15;30;12808.8;45.355602;6.098318;9693;road;1;0;0;0;;RTE DU CHARVIN;BD
le Bréda;COURDEAU0000002000794838;16;29;16384.8;45.383342;6.083972;6537;foot;1;0;0;0;;;BD|OSM
le Bréda;COURDEAU0000002000794838;17;28;16602.8;45.38499;6.082763;6335;foot;1;0;0;0;surface=metal;;BD|OSM
le Bréda;COURDEAU0000002000794838;18;27;16647.3;45.385359;6.082566;6294;foot;1;0;0;0;;;BD
le Bréda;COURDEAU0000002000794838;19;26;16743.9;45.386108;6.081985;6201;foot;1;0;0;0;surface=metal;;OSM
le Bréda;COURDEAU0000002000794838;20;25;16801.3;45.386562;6.081685;6147;foot;1;0;0;0;surface=metal;;BD|OSM
le Bréda;COURDEAU0000002000794838;21;24;16887.8;45.387319;6.08183;6091;mixed:foot+track;1;0;0;0;;Chemin de fer des Forges d'Allevard;BD|OSM
le Bréda;COURDEAU0000002000794838;22;23;17332.3;45.390116;6.079595;5742;foot;1;0;0;0;;;BD|OSM
le Bréda;COURDEAU0000002000794838;23;22;17552.5;45.391751;6.078039;5525;unk;1;0;0;0;bridge:structure=arch;;OSMmanbridge
le Bréda;COURDEAU0000002000794838;24;21;17587.6;45.391961;6.077706;5490;foot;1;0;0;0;surface=wood;;BD|OSM
le Bréda;COURDEAU0000002000794838;25;20;17764.4;45.3929;6.075961;5322;road;1;0;0;0;surface=asphalt;R DE LA LIBERATION|Rue de la Libération;BD|OSM
le Bréda;COURDEAU0000002000794838;26;19;17848.5;45.393473;6.075371;5243;road;1;0;0;0;surface=asphalt;R DU GRAND PONT|Rue du Grand Pont;BD|OSM
le Bréda;COURDEAU0000002000794838;27;18;17942.5;45.394217;6.075897;5209;mixed:foot+road;1;0;0;0;surface=concrete;R DU PETIT PONT|Rue du Petit Pont;BD|OSM|OSMmanbridge
le Bréda;COURDEAU0000002000794838;28;17;18315.1;45.397289;6.076855;5016;foot;1;0;0;0;BD:Passerelle;;BD
le Bréda;COURDEAU0000002000794838;29;16;18863.3;45.401501;6.079873;4883;road;1;0;0;0;surface=asphalt;BD DES ANCIENS D'ALGERIE|Boulevard des Anciens d'Algérie;BD|OSM
le Bréda;COURDEAU0000002000794838;30;15;19348.1;45.405473;6.081277;4713;foot;1;0;0;0;;;BD|OSM
le Bréda;COURDEAU0000002000794838;31;14;20931.2;45.417371;6.08937;4739;road;1;0;0;0;surface=asphalt;;BD|OSM
le Bréda;COURDEAU0000002000794838;32;13;21772.2;45.423863;6.091145;4735;mixed:foot+track;1;0;0;0;;;BD|OSM
le Bréda;COURDEAU0000002000794838;33;12;22716.5;45.430908;6.094981;5007;road;1;0;0;0;surface=asphalt;;BD|OSM
le Bréda;COURDEAU0000002000794838;34;11;23888.5;45.440426;6.095939;5236;road;1;0;0;0;surface=asphalt;Pont de Détrier|Pont de l'Île|RTE D'ALLEVARD|RTE DE DETRIER;BD|OSM
le Bréda;COURDEAU0000002000794838;35;10;25666.2;45.443366;6.07881;4069;foot;0;0;0;0;;;OSM
le Bréda;COURDEAU0000002000794838;36;9;27915.6;45.439486;6.053016;2085;track;1;0;0;0;surface=ground;Pont des Bretonnières;BD|OSM
le Bréda;COURDEAU0000002000794838;37;8;30321.6;45.432643;6.027133;517;road;1;0;0;0;surface=asphalt;DEVIATION EST;BD|OSM
le Bréda;COURDEAU0000002000794838;38;7;30435.6;45.432584;6.025686;586;road;1;0;0;0;BD:Passerelle|surface=asphalt;Route des Gorges;BD|OSM
le Bréda;COURDEAU0000002000794838;39;6;30575.7;45.433128;6.0241;718;road;1;0;0;1;bridge:structure=beam;PL BAYARD|Place Bayard|Rue Laurent Gayet;BD|OSM|OSMmanbridge
le Bréda;COURDEAU0000002000794838;40;5;30849.8;45.434955;6.021784;988;road;1;0;0;0;surface=asphalt;R DU GRESIVAUDAN|Rue du Grésivaudan;BD|OSM
le Bréda;COURDEAU0000002000794838;41;4;31178.2;45.436448;6.018205;1308;foot;1;0;0;0;;;BD|OSM
le Bréda;COURDEAU0000002000794838;42;3;31387.4;45.437146;6.015728;1508;foot;1;0;0;0;surface=metal;;BD|OSM
le Bréda;COURDEAU0000002000794838;43;2;31828.5;45.43926;6.011012;1943;road;1;0;0;0;surface=asphalt;Ligne de Grenoble à Montmélian|R DU BREDA|Rue du Bréda;BD|OSM
le Bréda;COURDEAU0000002000794838;44;1;32115.2;45.440804;6.008139;2226;mixed:foot+track;1;0;0;0;surface=asphalt;;BD|OSM
Ruisseau du Catus;COURDEAU0000002000795353;1;7;159.7;45.38017;6.026384;5421;track;0;0;0;0;;;BD|OSM
Ruisseau du Catus;COURDEAU0000002000795353;2;6;612.2;45.376336;6.024574;5856;foot;0;0;0;0;;;BD
Ruisseau du Catus;COURDEAU0000002000795353;3;5;681.2;45.375861;6.024068;5912;foot;0;0;0;0;;;OSM
Ruisseau du Catus;COURDEAU0000002000795353;4;4;1259.6;45.371713;6.020026;6406;foot;0;0;0;0;;;BD|OSM
Ruisseau du Catus;COURDEAU0000002000795353;5;3;1610.6;45.369113;6.017583;6719;track;1;0;0;0;;Chemin de fer des forges d'Allevard;BD|OSM
Ruisseau du Catus;COURDEAU0000002000795353;6;2;1649.7;45.368867;6.017227;6751;road;1;0;0;0;;RTE DU VERNAY;BD
Ruisseau du Catus;COURDEAU0000002000795353;7;1;1746.4;45.368237;6.016563;6828;road;0;0;0;0;;RTE DE ROSSAND;BD
Ruisseau du Papet;COURDEAU0000002491700545;1;9;105.2;45.404899;6.032466;2665;track;0;0;0;1;;;BD|OSM
Ruisseau du Papet;COURDEAU0000002491700545;2;8;339.1;45.405832;6.02988;2560;foot;0;0;0;0;;;BD
Ruisseau du Papet;COURDEAU0000002491700545;3;7;648.3;45.40775;6.027552;2361;foot;0;0;0;0;;;BD
Ruisseau du Papet;COURDEAU0000002491700545;4;6;1610.3;45.414527;6.021993;1742;road;1;0;0;1;;RTE DE MONTAUCHER|Route de Montaucher;BD|OSM
Ruisseau du Papet;COURDEAU0000002491700545;5;5;2129.7;45.412227;6.016651;2163;mixed:foot+track;0;1;0;0;;;BD|OSM|OSMford
Ruisseau du Papet;COURDEAU0000002491700545;6;4;2268.4;45.411736;6.015031;2277;road;1;0;0;0;;RTE DE MALBOURGET;BD|OSM
Ruisseau du Papet;COURDEAU0000002491700545;7;3;2494.7;45.411558;6.012428;2410;road;1;0;0;0;;CHE DE LA CORVA|Chemin de la Corva;BD|OSM
Ruisseau du Papet;COURDEAU0000002491700545;8;2;2720.2;45.411617;6.009592;2545;road;1;0;0;1;;RTE DE GRENOBLE|Route de Grenoble;BD|OSM
Ruisseau du Papet;COURDEAU0000002491700545;9;1;2909.8;45.411898;6.007261;2647;road;1;0;0;1;;CHE DE CARAILLOU|Ligne de Grenoble à Montmélian;BD|OSM
Ruisseau de Maupas;COURDEAU0000002000795348;1;10;389.0;45.391188;6.02569;4206;track;0;1;0;0;;Route Forestière dite de Clarfait;OSM|OSMford
Ruisseau de Maupas;COURDEAU0000002000795348;2;9;841.1;45.393176;6.02091;4042;track;0;0;0;0;;;BD
Ruisseau de Maupas;COURDEAU0000002000795348;3;8;867.1;45.393319;6.020655;4031;track;0;1;0;0;;;BD|OSM|OSMford
Ruisseau de Maupas;COURDEAU0000002000795348;4;7;1128.0;45.394345;6.017765;3972;track;0;1;0;0;;Derrière l'Abbaye|RTE DE BERRUER;BD|OSM|OSMford
Ruisseau de Maupas;COURDEAU0000002000795348;5;6;1494.8;45.396164;6.014357;3859;mixed:foot+track;0;1;0;0;;;BD|OSM|OSMford
Ruisseau de Maupas;COURDEAU0000002000795348;6;5;1807.8;45.398203;6.012189;3711;road;0;0;0;1;;Route du Trouillet;BD|OSM
Ruisseau de Maupas;COURDEAU0000002000795348;7;4;1957.8;45.398689;6.010434;3718;track;0;0;0;0;;;BD
Ruisseau de Maupas;COURDEAU0000002000795348;8;3;2580.8;45.402716;6.006044;3500;road;0;0;0;1;;;BD|OSM
Ruisseau de Maupas;COURDEAU0000002000795348;9;2;2701.0;45.402919;6.00455;3548;foot;0;1;0;0;;;OSM|OSMford
Ruisseau de Maupas;COURDEAU0000002000795348;10;1;2785.7;45.402817;6.003488;3607;foot;0;0;0;0;;;OSM
Ruisseau de Beau Magny;COURDEAU0000002000794848;1;9;21.6;45.398427;6.032328;3383;track;0;0;0;0;;;BD
Ruisseau de Beau Magny;COURDEAU0000002000794848;2;8;83.1;45.398878;6.031873;3332;track;0;0;0;0;;;BD
Ruisseau de Beau Magny;COURDEAU0000002000794848;3;7;253.8;45.39977;6.030173;3233;track;0;0;0;0;;Route Forestière dite de Clarfait;BD|OSM
Ruisseau de Beau Magny;COURDEAU0000002000794848;4;6;503.1;45.401481;6.02822;3050;foot;0;0;0;0;;;BD
Ruisseau de Beau Magny;COURDEAU0000002000794848;5;5;1209.9;45.406215;6.022555;2602;road;0;0;0;1;;;BD|OSM
Ruisseau de Beau Magny;COURDEAU0000002000794848;6;4;1339.5;45.406744;6.021172;2575;road;0;0;0;1;;RTE DE MONTAUCHER|Route de Montaucher;BD|OSM
Ruisseau de Beau Magny;COURDEAU0000002000794848;7;3;1474.4;45.407466;6.019788;2534;track;0;0;0;0;;;BD
Ruisseau de Beau Magny;COURDEAU0000002000794848;8;2;1573.0;45.408013;6.018851;2504;mixed:foot+track;0;1;0;0;;;BD|OSM|OSMford
Ruisseau de Beau Magny;COURDEAU0000002000794848;9;1;2047.4;45.410754;6.015034;2369;road;1;0;0;1;;RTE DE MALBOURGET|Route de Malbourget;BD|OSM
Ruisseau des Teppes;COURDEAU0000002000795349;1;7;27.8;45.397381;6.026918;3512;track;0;0;0;0;;Route Forestière dite de Clarfait;BD|OSM
Ruisseau des Teppes;COURDEAU0000002000795349;2;6;254.8;45.397769;6.024145;3496;track;0;0;0;0;;;BD
Ruisseau des Teppes;COURDEAU0000002000795349;3;5;277.4;45.397731;6.023862;3503;foot;0;0;0;0;;;OSM
Ruisseau des Teppes;COURDEAU0000002000795349;4;4;395.3;45.397821;6.022394;3514;mixed:foot+track;0;0;0;0;;;BD|OSM
Ruisseau des Teppes;COURDEAU0000002000795349;5;3;728.4;45.398918;6.018457;3469;track;0;0;0;0;;;BD|OSM
Ruisseau des Teppes;COURDEAU0000002000795349;6;2;863.0;45.399865;6.017425;3392;road;0;0;0;0;;RTE DE BERRUER|Route de Berruer;BD|OSM
Ruisseau des Teppes;COURDEAU0000002000795349;7;1;1207.8;45.400986;6.014001;3371;road;0;0;0;0;;Route de Malbourget;BD|OSM
Ruisseau de Rebouchet;COURDEAU0000002000795340;1;19;80.8;45.411996;6.054671;2634;foot;0;0;0;0;;;BD
Ruisseau de Rebouchet;COURDEAU0000002000795340;2;18;204.7;45.412538;6.053295;2515;mixed:foot+track;0;0;0;0;;;BD|OSM
Ruisseau de Rebouchet;COURDEAU0000002000795340;3;17;986.2;45.418522;6.048733;1800;track;1;0;0;0;surface=compacted;;BD|OSM
Ruisseau de Rebouchet;COURDEAU0000002000795340;4;16;1705.9;45.423637;6.043891;1163;mixed:foot+track;0;0;0;0;;;BD|OSM
Ruisseau de Rebouchet;COURDEAU0000002000795340;5;15;2287.0;45.426352;6.038291;634;road;0;0;0;1;;Les Rojons|RTE DES ROJONS;BD|OSM
Ruisseau de Rebouchet;COURDEAU0000002000795340;6;14;2380.2;45.426717;6.037345;550;road;0;0;0;1;;RTE DU VIEUX SAINT-MAXIMIN|Route du Vieux Saint-Maximin;BD|OSM
Ruisseau de Rebouchet;COURDEAU0000002000795340;7;13;2635.4;45.425737;6.034776;456;road;0;0;0;0;;CHE DU PLANTIER|Chemin de la Scieirie;BD|OSM
Ruisseau de Rebouchet;COURDEAU0000002000795340;8;12;2896.1;45.424615;6.031965;479;road;1;0;0;0;;LE PLANTIER;BD|OSM
Ruisseau de Rebouchet;COURDEAU0000002000795340;9;11;3445.7;45.421956;6.026672;840;road;1;0;0;0;;RTE DE LA VIE PLAINE|Route de la Vie Plaine;BD|OSM
Ruisseau de Rebouchet;COURDEAU0000002000795340;10;10;3541.9;45.42189;6.025697;880;road;1;0;0;0;;RTE DE LA COMBE;BD|OSM
Ruisseau de Rebouchet;COURDEAU0000002000795340;11;9;3976.4;45.423743;6.022572;872;road;1;0;0;1;;RTE DE CHAFFARDON|Route de Chaffardon;BD|OSM
Ruisseau de Rebouchet;COURDEAU0000002000795340;12;8;4420.9;45.420914;6.018918;1294;track;0;0;0;0;;;BD|OSM
Ruisseau de Rebouchet;COURDEAU0000002000795340;13;7;4746.7;45.420837;6.01693;1417;track;1;0;0;0;;;BD|OSM
Ruisseau de Rebouchet;COURDEAU0000002000795340;14;6;4957.0;45.420178;6.014943;1585;track;0;0;0;0;;;BD
Ruisseau de Rebouchet;COURDEAU0000002000795340;15;5;5062.8;45.419682;6.013798;1689;road;1;0;0;0;;;BD|OSM
Ruisseau de Rebouchet;COURDEAU0000002000795340;16;4;5167.7;45.419223;6.012637;1793;road;1;0;0;0;surface=asphalt;RTE DE GRENOBLE|Route de Grenoble;BD|OSM
Ruisseau de Rebouchet;COURDEAU0000002000795340;17;3;5477.3;45.418937;6.009129;2036;rail;1;0;0;1;;Ligne de Grenoble à Montmélian;OSM
Ruisseau de Rebouchet;COURDEAU0000002000795340;18;2;5739.0;45.41681;6.008069;2239;road;1;0;0;0;surface=unpaved;;BD|OSM
Ruisseau de Rebouchet;COURDEAU0000002000795340;19;1;6270.4;45.412362;6.00561;2703;road;1;0;0;0;surface=asphalt;CHE DE CARAILLOU|Chemin de Caraillou;BD|OSM
Ruisseau de la Perrière;COURDEAU0000002000795339;1;11;40.3;45.407562;6.048365;2728;foot;0;0;0;0;;;BD
Ruisseau de la Perrière;COURDEAU0000002000795339;2;10;171.5;45.408439;6.047256;2601;track;0;0;0;0;;;BD
Ruisseau de la Perrière;COURDEAU0000002000795339;3;9;302.3;45.409135;6.045981;2485;track;0;0;0;0;;;BD
Ruisseau de la Perrière;COURDEAU0000002000795339;4;8;842.0;45.41216;6.041107;2017;track;1;0;0;0;surface=compacted;;BD|OSM
Ruisseau de la Perrière;COURDEAU0000002000795339;5;7;1598.6;45.414601;6.033361;1595;track;0;0;0;0;;;BD|OSM
Ruisseau de la Perrière;COURDEAU0000002000795339;6;6;1857.8;45.414551;6.03043;1591;foot;0;0;0;0;;;BD
Ruisseau de la Perrière;COURDEAU0000002000795339;7;5;2386.9;45.417458;6.025511;1339;foot;0;0;0;0;;;OSM
Ruisseau de la Perrière;COURDEAU0000002000795339;8;4;2407.0;45.417617;6.025385;1325;foot;0;0;0;0;;;OSM
Ruisseau de la Perrière;COURDEAU0000002000795339;9;3;2487.7;45.41812;6.024733;1291;foot;0;0;0;0;;;OSM
Ruisseau de la Perrière;COURDEAU0000002000795339;10;2;2574.9;45.418828;6.024522;1226;road;0;0;0;0;;RTE NIEPCE|Route de Nièpce;BD|OSM
Ruisseau de la Perrière;COURDEAU0000002000795339;11;1;2870.8;45.420906;6.022293;1117;road;0;0;0;1;;RTE DE CHAFFARDON|Route de Chaffardon;BD|OSM
le Coisetan;COURDEAU0000002276551717;1;12;41.2;45.478069;6.069644;6242;road;1;0;0;0;surface=asphalt;Pont du Lac;BD|OSM
le Coisetan;COURDEAU0000002276551717;2;11;818.2;45.474246;6.061317;5568;track;0;0;0;0;;CHE DU COISETAN;BD
le Coisetan;COURDEAU0000002276551717;3;10;1814.6;45.46721;6.054207;4628;foot;1;0;0;0;;;BD
le Coisetan;COURDEAU0000002276551717;4;9;2223.1;45.46421;6.051222;4230;mixed:foot+track;1;0;0;0;;CHE DES RUISSEAUX;BD|OSM
le Coisetan;COURDEAU0000002276551717;5;8;2624.1;45.462695;6.04664;3950;road;1;0;0;0;surface=asphalt;Pont des Mollettes|RTE DE LA SAVOYARDE;BD|OSM
le Coisetan;COURDEAU0000002276551717;6;7;3813.5;45.454636;6.037384;2904;road;1;0;0;0;;RTE DE LA PLAINE;BD|OSM
le Coisetan;COURDEAU0000002276551717;7;6;4169.0;45.452364;6.034273;2621;road;1;0;0;0;;Pont des Lots;BD|OSM
le Coisetan;COURDEAU0000002276551717;8;5;4973.8;45.447616;6.02665;2109;track;1;0;0;0;;;BD|OSM
le Coisetan;COURDEAU0000002276551717;9;4;5635.3;45.446585;6.018565;2195;road;1;0;0;0;;;BD|OSM
le Coisetan;COURDEAU0000002276551717;10;3;5821.1;45.446232;6.016251;2247;rail;1;0;0;0;;Ligne de Grenoble à Montmélian;OSM
le Coisetan;COURDEAU0000002276551717;11;2;5854.8;45.446154;6.015833;2257;road;1;0;0;0;surface=asphalt;CHE DES GRAVIERES;BD|OSM
le Coisetan;COURDEAU0000002276551717;12;1;6724.2;45.442977;6.007637;2407;road;1;0;0;0;;;BD|OSM
le Coisetan;COURDEAU0000002000794767;1;33;579.3;45.539954;6.175373;16714;road;1;0;0;0;;RTE DE L'ETANG;BD
le Coisetan;COURDEAU0000002000794767;2;32;998.6;45.538062;6.170886;16323;road;1;0;0;0;;CHE DU COISIN;BD
le Coisetan;COURDEAU0000002000794767;3;31;1285.8;45.535635;6.170142;16084;track;0;0;0;0;;;BD
le Coisetan;COURDEAU0000002000794767;4;30;1487.8;45.534582;6.168107;15891;track;0;0;0;0;;;BD
le Coisetan;COURDEAU0000002000794767;5;29;1719.5;45.533466;6.165667;15671;track;0;0;0;0;;;BD
le Coisetan;COURDEAU0000002000794767;6;28;2476.5;45.530459;6.157596;15002;track;0;0;0;0;;;BD
le Coisetan;COURDEAU0000002000794767;7;27;2814.3;45.529365;6.153587;14705;track;0;0;0;0;;;BD
le Coisetan;COURDEAU0000002000794767;8;26;3218.0;45.527392;6.149318;14323;road;1;0;0;0;;;BD
le Coisetan;COURDEAU0000002000794767;9;25;3696.2;45.525596;6.144035;13905;road;1;0;0;0;;CHE DU VIEUX PRIEURE;BD
le Coisetan;COURDEAU0000002000794767;10;24;4118.4;45.522504;6.140943;13487;road;1;0;0;0;;CHE DES MOULINS;BD
le Coisetan;COURDEAU0000002000794767;11;23;4287.6;45.521419;6.139479;13321;foot;0;0;0;0;;;BD
le Coisetan;COURDEAU0000002000794767;12;22;4860.7;45.520283;6.132541;12883;track;1;0;0;0;;CHE DE PRE DRU;BD
le Coisetan;COURDEAU0000002000794767;13;21;6078.1;45.513251;6.122875;11804;road;1;0;0;0;;;BD
le Coisetan;COURDEAU0000002000794767;14;20;7905.8;45.501145;6.10745;10005;road;1;0;0;0;;;BD
le Coisetan;COURDEAU0000002000794767;15;19;8027.8;45.500311;6.106436;9883;track;0;0;0;0;;;BD
le Coisetan;COURDEAU0000002000794767;16;18;8584.2;45.496929;6.101185;9338;road;1;0;0;0;;RTE DU PONT NEUF;BD
le Coisetan;COURDEAU0000002000794767;17;17;9612.5;45.491129;6.091001;8354;foot;0;0;0;0;;;OSM
le Coisetan;COURDEAU0000002000794767;18;16;9884.9;45.489479;6.088436;8090;foot;0;0;0;0;;;OSM
le Coisetan;COURDEAU0000002000794767;19;15;10468.0;45.485609;6.083415;7515;road;1;0;0;0;;Pont de Trèle|Pont de Trêle;BD|OSM
le Coisetan;COURDEAU0000002000794767;20;14;10940.7;45.482434;6.079402;7049;foot;1;0;0;0;surface=wood;;OSM
le Coisetan;COURDEAU0000002000794767;21;13;10978.2;45.482196;6.079061;7012;foot;1;0;0;0;;;BD
le Coisetan;COURDEAU0000002000794767;22;12;11845.2;45.478069;6.069644;6242;road;1;0;0;0;surface=asphalt;Pont du Lac;BD|OSM
le Coisetan;COURDEAU0000002000794767;23;11;12622.1;45.474246;6.061317;5568;track;0;0;0;0;;CHE DU COISETAN;BD
le Coisetan;COURDEAU0000002000794767;24;10;13618.6;45.46721;6.054207;4628;foot;1;0;0;0;;;BD
le Coisetan;COURDEAU0000002000794767;25;9;14027.0;45.46421;6.051222;4230;mixed:foot+track;1;0;0;0;;CHE DES RUISSEAUX;BD|OSM
le Coisetan;COURDEAU0000002000794767;26;8;14428.1;45.462695;6.04664;3950;road;1;0;0;0;surface=asphalt;Pont des Mollettes|RTE DE LA SAVOYARDE;BD|OSM
le Coisetan;COURDEAU0000002000794767;27;7;15617.5;45.454636;6.037384;2904;road;1;0;0;0;;RTE DE LA PLAINE;BD|OSM
le Coisetan;COURDEAU0000002000794767;28;6;15972.9;45.452364;6.034273;2621;road;1;0;0;0;;Pont des Lots;BD|OSM
le Coisetan;COURDEAU0000002000794767;29;5;16777.7;45.447616;6.02665;2109;track;1;0;0;0;;;BD|OSM
le Coisetan;COURDEAU0000002000794767;30;4;17439.3;45.446585;6.018565;2195;road;1;0;0;0;;;BD|OSM
le Coisetan;COURDEAU0000002000794767;31;3;17625.0;45.446232;6.016251;2247;rail;1;0;0;0;;Ligne de Grenoble à Montmélian;OSM
le Coisetan;COURDEAU0000002000794767;32;2;17658.8;45.446154;6.015833;2257;road;1;0;0;0;surface=asphalt;CHE DES GRAVIERES;BD|OSM
le Coisetan;COURDEAU0000002000794767;33;1;18528.1;45.442977;6.007637;2407;road;1;0;0;0;;;BD|OSM
Ruisseau du Bon de Loge;COURDEAU0000002000795328;1;12;316.4;45.496478;6.025498;7520;road;0;0;0;0;;RTE DES VERNES;BD
Ruisseau du Bon de Loge;COURDEAU0000002000795328;2;11;745.1;45.493444;6.022525;7202;road;1;0;0;1;;;BD|OSM
Ruisseau du Bon de Loge;COURDEAU0000002000795328;3;10;783.9;45.493243;6.022118;7182;track;0;0;0;0;;;BD|OSM
Ruisseau du Bon de Loge;COURDEAU0000002000795328;4;9;1641.4;45.487016;6.019994;6514;track;1;0;0;0;surface=ground;;BD|OSM
Ruisseau du Bon de Loge;COURDEAU0000002000795328;5;8;1947.8;45.484692;6.018295;6278;track;0;0;0;0;;Chemin de Bois Vert;BD|OSM
Ruisseau du Bon de Loge;COURDEAU0000002000795328;6;7;2299.1;45.482687;6.014832;6109;track;0;0;0;0;;;BD|OSM
Ruisseau du Bon de Loge;COURDEAU0000002000795328;7;6;3034.5;45.477179;6.010253;5605;road;0;0;0;1;;CHE DE L'ETRAIT|Chemin de l'Etrait;BD|OSM
Ruisseau du Bon de Loge;COURDEAU0000002000795328;8;5;3213.0;45.47565;6.009578;5458;road;1;0;0;1;;RTE DES MORTES|Route de Chapareillan;BD|OSM
Ruisseau du Bon de Loge;COURDEAU0000002000795328;9;4;3512.1;45.473116;6.010812;5161;track;1;0;0;0;;;BD
Ruisseau du Bon de Loge;COURDEAU0000002000795328;10;3;3639.3;45.471975;6.010805;5041;foot;0;0;0;0;;;BD
Ruisseau du Bon de Loge;COURDEAU0000002000795328;11;2;4696.2;45.462543;6.011403;4041;road;1;0;0;0;;;BD|OSM
Ruisseau du Bon de Loge;COURDEAU0000002000795328;12;1;5166.3;45.45863;6.010269;3681;foot;0;0;0;0;;;OSM
Ruisseau de Bessut;COURDEAU0000002215478739;1;4;64.0;45.398116;6.034821;3429;foot;0;0;0;0;;;BD
Ruisseau de Bessut;COURDEAU0000002215478739;2;3;136.0;45.398697;6.034416;3362;track;0;0;0;0;;;BD
Ruisseau de Bessut;COURDEAU0000002215478739;3;2;279.9;45.399903;6.033779;3224;track;0;0;0;0;;;BD
Ruisseau de Bessut;COURDEAU0000002215478739;4;1;423.5;45.401132;6.033581;3087;track;0;0;0;0;;Route Forestière dite de Clarfait;BD|OSM
Ruisseau des Lanches;COURDEAU0000002000794847;1;4;152.5;45.404576;6.043126;2860;foot;1;0;0;0;;;BD
Ruisseau des Lanches;COURDEAU0000002000794847;2;3;415.6;45.404468;6.039828;2797;foot;0;0;0;0;;;BD
Ruisseau des Lanches;COURDEAU0000002000794847;3;2;482.2;45.404571;6.03899;2770;track;0;0;0;0;;Route Forestière dite de Clarfait;BD|OSM
Ruisseau des Lanches;COURDEAU0000002000794847;4;1;800.6;45.404392;6.035016;2737;track;0;0;0;0;;;BD
Ruisseau de Tapon;COURDEAU0000002000794839;1;9;6.7;45.420786;6.060324;2462;foot;0;0;0;0;;;BD
Ruisseau de Tapon;COURDEAU0000002000794839;2;8;210.8;45.422578;6.059878;2363;foot;0;0;0;0;;;BD
Ruisseau de Tapon;COURDEAU0000002000794839;3;7;581.6;45.425464;6.057852;2133;track;1;0;0;0;surface=compacted;;BD|OSM
Ruisseau de Tapon;COURDEAU0000002000794839;4;6;1271.1;45.430565;6.053176;1743;track;0;0;0;1;;;BD|OSM
Ruisseau de Tapon;COURDEAU0000002000794839;5;5;1673.8;45.433309;6.050624;1611;road;0;0;0;0;;RTE DES RIPPELETS|RTE DU COUVET|Route des Rippelets|Route du Couvet;BD|OSM
Ruisseau de Tapon;COURDEAU0000002000794839;6;4;1782.8;45.434199;6.050363;1625;track;0;0;0;0;;CHE DU BREDA;BD
Ruisseau de Tapon;COURDEAU0000002000794839;7;3;1819.0;45.434462;6.05009;1616;track;0;0;0;0;;;OSM
Ruisseau de Tapon;COURDEAU0000002000794839;8;2;1932.7;45.434532;6.048721;1521;foot;0;0;0;0;;;OSM
Ruisseau de Tapon;COURDEAU0000002000794839;9;1;2163.2;45.435873;6.046734;1454;foot;0;0;0;0;;;BD|OSM
Ruisseau de la Chanelle;COURDEAU0000002000794770;1;7;200.9;45.457854;6.070851;4479;track;0;0;0;0;;CHE DE LA CHANELLE|Chemin de la Chanelle;BD|OSM
Ruisseau de la Chanelle;COURDEAU0000002000794770;2;6;241.6;45.457777;6.070354;4446;mixed:foot+track;0;0;0;0;;Chemin de la Chanelle;OSM
Ruisseau de la Chanelle;COURDEAU0000002000794770;3;5;773.3;45.454799;6.06542;3940;road;1;0;0;0;;Chemin de Combe Forêt;BD|OSM
Ruisseau de la Chanelle;COURDEAU0000002000794770;4;4;1671.0;45.451934;6.055293;3188;road;1;0;0;0;surface=asphalt;Pont Mathieu|RTE DES MOLETTES;BD|OSM
Ruisseau de la Chanelle;COURDEAU0000002000794770;5;3;2251.4;45.449571;6.049471;2714;road;1;0;0;0;;R DE SAINTE-ANNE|Rue de Sainte-Anne;BD|OSM
Ruisseau de la Chanelle;COURDEAU0000002000794770;6;2;3022.1;45.450888;6.041829;2587;road;0;0;0;0;;Route Départementale 923|Route départementale 923;BD|OSM
Ruisseau de la Chanelle;COURDEAU0000002000794770;7;1;3431.1;45.45352;6.038302;2796;road;0;0;0;1;;;BD|OSM
Ruisseau du Croset;COURDEAU0000002215479178;1;11;192.9;45.463914;6.080267;5474;road;0;0;0;0;;RTE DES TROIS BASSINS|Route des 3 Bassins;BD|OSM
Ruisseau du Croset;COURDEAU0000002215479178;2;10;286.0;45.464555;6.079566;5487;road;0;0;0;0;;RTE DE GAGOUT;BD|OSM
Ruisseau du Croset;COURDEAU0000002215479178;3;9;749.6;45.466761;6.075423;5455;track;0;0;0;0;;;BD
Ruisseau du Croset;COURDEAU0000002215479178;4;8;856.7;45.467446;6.074466;5467;road;1;0;0;0;;RTE DE VILLARBET;BD|OSM
Ruisseau du Croset;COURDEAU0000002215479178;5;7;1314.7;45.467088;6.06975;5214;foot;0;0;0;0;;CHE DE LA PONTIERE;BD|OSM
Ruisseau du Croset;COURDEAU0000002215479178;6;6;2247.5;45.462305;6.060508;4371;foot;0;0;0;0;;;OSM
Ruisseau du Croset;COURDEAU0000002215479178;7;5;2274.0;45.462369;6.060183;4363;road;0;0;0;0;;RTE DE MOLLARD FAVIER|Route de Mollard Favier;BD|OSM
Ruisseau du Croset;COURDEAU0000002215479178;8;4;2763.2;45.460823;6.054918;4010;road;0;0;0;0;;;BD|OSM
Ruisseau du Croset;COURDEAU0000002215479178;9;3;2796.1;45.460733;6.054516;3987;road;0;0;0;0;;;BD|OSM
Ruisseau du Croset;COURDEAU0000002215479178;10;2;2845.2;45.460607;6.053915;3953;road;0;0;0;0;;RTE VICTOR HUGO|Route Victor Hugo;BD|OSM
Ruisseau du Croset;COURDEAU0000002215479178;11;1;2951.6;45.460534;6.05257;3899;road;0;0;0;0;;Rue Étienne Caillet;BD|OSM
Ruisseau de la Bâtie;COURDEAU0000002000794853;1;19;204.3;45.396451;6.053877;4020;foot;0;0;0;0;;;BD|OSM
Ruisseau de la Bâtie;COURDEAU0000002000794853;2;18;878.6;45.393226;6.060467;4580;road;0;0;0;0;;Chemin de Champ Rion et Billaz;OSM
Ruisseau de la Bâtie;COURDEAU0000002000794853;3;17;904.9;45.393024;6.060641;4607;road;0;0;0;0;;Chemin de Champ Rion et Billaz;OSM
Ruisseau de la Bâtie;COURDEAU0000002000794853;4;16;956.8;45.392655;6.061046;4658;road;0;0;0;0;;CHE DE LA RONZIERE|Chemin de la Ronzière;BD|OSM
Ruisseau de la Bâtie;COURDEAU0000002000794853;5;15;1157.0;45.391856;6.063247;4823;road;0;0;0;0;;;BD|OSM
Ruisseau de la Bâtie;COURDEAU0000002000794853;6;14;1197.5;45.391746;6.06374;4853;road;0;0;0;0;;IMP DE LA BATHIE|Impasse de la Bâtie;BD|OSM
Ruisseau de la Bâtie;COURDEAU0000002000794853;7;13;1220.5;45.391726;6.064031;4867;road;0;0;0;0;;CHE DE BERLANDIER|Chemin de Berlandier;BD|OSM
Ruisseau de la Bâtie;COURDEAU0000002000794853;8;12;1268.7;45.391529;6.064576;4908;road;0;0;0;0;;CHE DE BERLANDIER|Chemin de Berlandier;BD|OSM
Ruisseau de la Bâtie;COURDEAU0000002000794853;9;11;1308.2;45.391357;6.065018;4943;road;0;0;0;0;;IMP PRE GOYET|Impasse Pré Goyet;BD|OSM
Ruisseau de la Bâtie;COURDEAU0000002000794853;10;10;1350.8;45.391172;6.065494;4980;track;0;0;0;0;;CHE DE BERLANDIER;BD
Ruisseau de la Bâtie;COURDEAU0000002000794853;11;9;1387.1;45.391014;6.0659;5012;road;0;0;0;0;;CHE DE BERLANDIER|Chemin de Berlandier;BD|OSM
Ruisseau de la Bâtie;COURDEAU0000002000794853;12;8;1439.6;45.390784;6.066486;5059;road;0;0;0;0;;CHE DES PERRIERES|R DES CHARTREUX|Rue des Chartreux;BD|OSM
Ruisseau de la Bâtie;COURDEAU0000002000794853;13;7;1469.4;45.390651;6.066816;5085;road;0;0;0;0;;CHE DES PERRIERES|Chemin des Perrières;BD|OSM
Ruisseau de la Bâtie;COURDEAU0000002000794853;14;6;1533.9;45.390362;6.067532;5143;road;0;0;0;0;;IMP DU CLOS DES PERRIERES|Impasse du Clos des Perrières;BD|OSM
Ruisseau de la Bâtie;COURDEAU0000002000794853;15;5;1595.3;45.390088;6.068213;5198;road;0;0;0;0;;;OSM
Ruisseau de la Bâtie;COURDEAU0000002000794853;16;4;1676.4;45.389725;6.069113;5271;road;0;0;0;0;;IMP GALANTANA;BD
Ruisseau de la Bâtie;COURDEAU0000002000794853;17;3;1720.4;45.389529;6.0696;5311;road;0;0;0;0;;AV AUGUSTE DAVALLET;BD|OSM
Ruisseau de la Bâtie;COURDEAU0000002000794853;18;2;1758.6;45.389358;6.070025;5345;road;0;0;0;0;;AV AUGUSTE DAVALLET|Avenue Auguste Davallet;BD|OSM
Ruisseau de la Bâtie;COURDEAU0000002000794853;19;1;1825.0;45.389061;6.070762;5405;road;0;0;0;0;;AV DES BAINS|Avenue des Bains;BD|OSM
Ruisseau de la Burge;COURDEAU0000002000794840;1;9;43.6;45.426951;6.065788;2728;foot;0;0;0;0;;;BD
Ruisseau de la Burge;COURDEAU0000002000794840;2;8;650.8;45.431401;6.061588;2407;track;1;0;0;0;surface=compacted;;BD|OSM
Ruisseau de la Burge;COURDEAU0000002000794840;3;7;758.4;45.432192;6.060808;2359;mixed:foot+track;0;0;0;0;;;BD|OSM
Ruisseau de la Burge;COURDEAU0000002000794840;4;6;844.9;45.432858;6.060247;2328;mixed:foot+track;0;0;0;0;;;BD|OSM
Ruisseau de la Burge;COURDEAU0000002000794840;5;5;1018.6;45.434283;6.059424;2301;track;0;0;0;0;;CHE DU PUILLET|Chemin du Pullet;BD|OSM
Ruisseau de la Burge;COURDEAU0000002000794840;6;4;1309.8;45.436503;6.057809;2260;road;0;0;0;0;;CHE DES 4 LYS|Chemin des Quatre Lys;BD|OSM
Ruisseau de la Burge;COURDEAU0000002000794840;7;3;1359.0;45.436837;6.057396;2245;road;0;0;0;0;;CHE DES 4 LYS|Chemin des Quatre Lys;BD|OSM
Ruisseau de la Burge;COURDEAU0000002000794840;8;2;1432.8;45.437339;6.056776;2223;road;0;0;0;0;;Bretonnières|RTE DES BRETONNIERES|Route des Bretonnières;BD|OSM
Ruisseau de la Burge;COURDEAU0000002000794840;9;1;1807.7;45.438899;6.052708;2029;mixed:foot+track;1;0;0;0;surface=ground;;BD|OSM
Ruisseau Pluvigny;COURDEAU0000002000794841;1;6;119.9;45.432842;6.073303;3336;foot;0;0;0;0;;;BD
Ruisseau Pluvigny;COURDEAU0000002000794841;2;5;306.4;45.434461;6.072833;3328;foot;0;0;0;0;;;BD
Ruisseau Pluvigny;COURDEAU0000002000794841;3;4;657.9;45.437546;6.073305;3444;track;1;0;0;0;surface=compacted;;BD|OSM
Ruisseau Pluvigny;COURDEAU0000002000794841;4;3;955.2;45.440023;6.074631;3628;road;0;0;0;1;;RTE DES BRETONNIERES|Route des Bretonnières;BD|OSM
Ruisseau Pluvigny;COURDEAU0000002000794841;5;2;1105.7;45.440885;6.076104;3770;track;0;0;0;0;;;BD
Ruisseau Pluvigny;COURDEAU0000002000794841;6;1;1281.2;45.442076;6.076183;3824;track;1;0;0;0;;;BD|OSM
le Bens;COURDEAU0000002000794837;1;8;2563.0;45.379143;6.184737;13233;foot;1;0;0;0;;;BD
le Bens;COURDEAU0000002000794837;2;7;3551.9;45.386622;6.180539;12603;track;1;0;0;0;;;BD
le Bens;COURDEAU0000002000794837;3;6;6114.5;45.403451;6.163291;10724;track;1;0;0;0;;;BD
le Bens;COURDEAU0000002000794837;4;5;8327.4;45.415105;6.143631;8939;track;1;0;0;0;;;BD
le Bens;COURDEAU0000002000794837;5;4;10000.8;45.427213;6.134928;8128;track;1;0;0;0;;;BD
le Bens;COURDEAU0000002000794837;6;3;12458.4;45.438218;6.1168;6788;road;1;0;0;0;surface=asphalt;Pont de Bens|R DES FORGERONS;BD|OSM
le Bens;COURDEAU0000002000794837;7;2;13967.6;45.433341;6.101009;5496;foot;0;1;0;0;;;OSM|OSMford
le Bens;COURDEAU0000002000794837;8;1;14007.5;45.433047;6.100739;5472;foot;0;0;0;0;;;OSM
Ruisseau de la Jeannotte;COURDEAU0000002000794846;1;10;176.8;45.396521;6.102359;6637;mixed:foot+road+track;0;0;0;0;;RTE DU COLLET|Route du Collet;BD|OSM
Ruisseau de la Jeannotte;COURDEAU0000002000794846;2;9;438.2;45.398271;6.100258;6394;foot;0;0;0;0;;;OSM
Ruisseau de la Jeannotte;COURDEAU0000002000794846;3;8;465.6;45.398414;6.099988;6368;foot;0;0;0;0;;;BD
Ruisseau de la Jeannotte;COURDEAU0000002000794846;4;7;1275.3;45.401046;6.09063;5594;road;0;0;0;1;;RTE DU GUILLET|Route du Guillet;BD|OSM
Ruisseau de la Jeannotte;COURDEAU0000002000794846;5;6;1470.8;45.401569;6.088484;5422;foot;0;0;0;0;;;BD
Ruisseau de la Jeannotte;COURDEAU0000002000794846;6;5;1821.1;45.403619;6.085442;5098;road;1;0;0;0;;;BD|OSM
Ruisseau de la Jeannotte;COURDEAU0000002000794846;7;4;1902.5;45.40419;6.084796;5021;road;1;0;0;0;;;BD|OSM
Ruisseau de la Jeannotte;COURDEAU0000002000794846;8;3;1985.6;45.404884;6.084469;4958;road;1;0;0;1;;RTE DE LA RATZ|Route de la Ratz;BD|OSM
Ruisseau de la Jeannotte;COURDEAU0000002000794846;9;2;2174.5;45.406476;6.083782;4819;road;0;0;0;1;;RTE DE LA MIRANDE|Route de la Mirande;BD|OSM
Ruisseau de la Jeannotte;COURDEAU0000002000794846;10;1;2223.7;45.40678;6.083412;4776;foot;0;0;0;0;;;BD|OSM
le Buisson;COURDEAU0000002000794852;1;13;53.7;45.389895;6.135363;9239;track;0;0;0;0;;;BD
le Buisson;COURDEAU0000002000794852;2;12;330.9;45.390949;6.132191;8965;track;0;0;0;0;;;BD
le Buisson;COURDEAU0000002000794852;3;11;758.3;45.393188;6.128094;8566;track;0;0;0;1;;;BD
le Buisson;COURDEAU0000002000794852;4;10;804.7;45.393582;6.1279;8532;road;0;0;0;1;;RTE DE FONTAINE TERRE;BD
le Buisson;COURDEAU0000002000794852;5;9;1423.8;45.395875;6.121881;7997;road;1;0;0;0;;RTE DE FONTAINE TERRE;BD
le Buisson;COURDEAU0000002000794852;6;8;2236.5;45.400782;6.114876;7263;road;1;0;0;0;;;BD|OSM
le Buisson;COURDEAU0000002000794852;7;7;3224.7;45.406105;6.105732;6367;mixed:foot+track;0;0;0;0;;;BD|OSM
le Buisson;COURDEAU0000002000794852;8;6;4122.3;45.410064;6.096188;5509;foot;1;0;0;0;;;BD|OSM
le Buisson;COURDEAU0000002000794852;9;5;4252.0;45.410612;6.094812;5386;track;0;0;0;0;;;OSM
le Buisson;COURDEAU0000002000794852;10;4;4412.3;45.411497;6.093226;5234;road;1;0;0;0;;;BD|OSM
le Buisson;COURDEAU0000002000794852;11;3;4537.4;45.412104;6.091933;5115;road;0;0;0;0;;;OSM
le Buisson;COURDEAU0000002000794852;12;2;4718.1;45.41249;6.089925;4954;road;1;0;0;0;;;BD|OSM
le Buisson;COURDEAU0000002000794852;13;1;5003.9;45.413884;6.086982;4683;road;1;0;0;0;surface=asphalt;;BD|OSM
le Bard;COURDEAU0000002000794845;1;8;597.7;45.407758;6.120897;7411;road;0;0;0;0;;;BD|OSM
le Bard;COURDEAU0000002000794845;2;7;804.0;45.409101;6.119106;7231;foot;0;0;0;0;;;BD
le Bard;COURDEAU0000002000794845;3;6;1152.9;45.411483;6.116537;6962;foot;0;0;0;0;;;OSM
le Bard;COURDEAU0000002000794845;4;5;1232.0;45.412102;6.116064;6907;foot;0;0;0;0;;;OSM
le Bard;COURDEAU0000002000794845;5;4;2836.6;45.419107;6.100128;5513;road;1;0;0;0;;Pont de Bens|Route de Saint Hugon;BD|OSM
le Bard;COURDEAU0000002000794845;6;3;3425.9;45.423365;6.096504;5158;mixed:foot+road;1;0;0;0;;Rue Jules Clérin;BD|OSM
le Bard;COURDEAU0000002000794845;7;2;3694.1;45.425364;6.094732;4998;road;1;0;0;0;surface=asphalt;;BD|OSM
le Bard;COURDEAU0000002000794845;8;1;3982.8;45.427595;6.092969;4847;road;1;0;0;0;surface=asphalt;;BD|OSM
Ruisseau du Colovron;COURDEAU0000002215486141;1;1;246.4;45.45142;6.094323;5547;road;0;0;0;0;;RTE DE LA CHAPELLE BLANCHE|Route de la Chapelle Blanche;BD|OSM
(sans nom #1 Ecoulement naturel);UNNAMED1;1;12;179.9;45.430628;5.941098;7034;foot;0;0;0;0;;;BD
(sans nom #1 Ecoulement naturel);UNNAMED1;2;11;344.2;45.42982;5.942859;6894;track;0;0;0;0;;;BD
(sans nom #1 Ecoulement naturel);UNNAMED1;3;10;563.9;45.428761;5.945219;6709;foot;0;0;0;0;;;BD
(sans nom #1 Ecoulement naturel);UNNAMED1;4;9;604.5;45.428632;5.945705;6671;foot;0;0;0;0;;;BD
(sans nom #1 Ecoulement naturel);UNNAMED1;5;8;735.2;45.428171;5.947239;6551;foot;0;0;0;0;;;BD
(sans nom #1 Ecoulement naturel);UNNAMED1;6;7;1117.0;45.427334;5.951591;6213;track;0;0;0;0;;;BD|OSM
(sans nom #1 Ecoulement naturel);UNNAMED1;7;6;1445.3;45.425704;5.954645;5982;road;0;0;0;0;;R DE DOYON|Rue du Doyon;BD|OSM
(sans nom #1 Ecoulement naturel);UNNAMED1;8;5;1499.6;45.425571;5.955292;5933;mixed:foot+track;0;0;0;0;;Chemin de Doyon;BD|OSM
(sans nom #1 Ecoulement naturel);UNNAMED1;9;4;1758.2;45.425844;5.958432;5686;track;0;0;0;0;;Chemin de Saint-Georges à Saint-Marcel;BD|OSM
(sans nom #1 Ecoulement naturel);UNNAMED1;10;3;1892.0;45.425752;5.960129;5554;road;0;0;0;0;;Route de Saint-Georges;BD|OSM
(sans nom #1 Ecoulement naturel);UNNAMED1;11;2;2201.4;45.427293;5.963188;5307;mixed:foot+track;0;0;0;0;;;BD|OSM
(sans nom #1 Ecoulement naturel);UNNAMED1;12;1;2314.7;45.427862;5.96431;5217;foot;0;0;0;0;;;BD|OSM
(sans nom #2 Ecoulement naturel);UNNAMED2;1;1;59.8;45.434636;5.964143;5268;foot;0;0;0;0;;;BD|OSM
(sans nom #3 Ecoulement naturel);UNNAMED3;1;1;561.0;45.440146;5.957631;5873;road;1;0;0;1;;RTE DES PETITES ROCHES;BD|OSM
(sans nom #4 Ecoulement naturel);UNNAMED4;1;3;3.7;45.4332;5.955843;5897;track;0;0;0;0;;;OSM
(sans nom #4 Ecoulement naturel);UNNAMED4;2;2;196.0;45.433783;5.958149;5723;foot;0;0;0;0;;;BD
(sans nom #4 Ecoulement naturel);UNNAMED4;3;1;618.4;45.436927;5.960534;5583;road;0;0;0;0;;RTE DES PETITES ROCHES;BD|OSM
(sans nom #5 Ecoulement naturel);UNNAMED5;1;1;566.4;45.441187;5.958433;5837;road;0;0;0;0;;RTE DES PETITES ROCHES;BD|OSM
(sans nom #6 Ecoulement naturel);UNNAMED6;1;2;640.6;45.438083;5.971619;4755;foot;0;0;0;0;;;BD|OSM
(sans nom #6 Ecoulement naturel);UNNAMED6;2;1;789.7;45.437834;5.973421;4612;foot;0;0;0;0;;;BD|OSM
(sans nom #7 Ecoulement naturel);UNNAMED7;1;1;422.7;45.439796;5.957693;5860;road;1;0;0;1;;;BD|OSM
(sans nom #8 Ecoulement naturel);UNNAMED8;1;1;480.8;45.434633;5.972231;4641;foot;0;0;0;0;;;OSM
(sans nom #9 Ecoulement naturel);UNNAMED9;1;1;371.1;45.439399;5.955995;5981;track;0;0;0;0;;;BD
(sans nom #10 Ecoulement naturel);UNNAMED10;1;2;556.6;45.46425;5.972194;6048;track;0;0;0;0;;CHE DES GIROUDS;BD|OSM
(sans nom #10 Ecoulement naturel);UNNAMED10;2;1;834.6;45.464003;5.975614;5829;mixed:foot+track;0;0;0;0;;;BD|OSM
(sans nom #11 Canal/Conduit buse/Ecoulement naturel);UNNAMED11;1;14;390.6;45.409936;5.987929;3972;road;0;0;0;0;;CHE DE L'EMPEREUR;BD|OSM
(sans nom #11 Canal/Conduit buse/Ecoulement naturel);UNNAMED11;2;13;1112.0;45.407094;5.996144;3645;track;1;0;0;0;;;BD|OSM
(sans nom #11 Canal/Conduit buse/Ecoulement naturel);UNNAMED11;3;12;1199.3;45.406716;5.997123;3617;track;0;0;0;0;;;BD
(sans nom #11 Canal/Conduit buse/Ecoulement naturel);UNNAMED11;4;11;1254.3;45.406479;5.997739;3600;road;1;0;0;0;;;BD|OSM
(sans nom #11 Canal/Conduit buse/Ecoulement naturel);UNNAMED11;5;10;2570.8;45.396151;5.991325;4779;road;0;0;0;0;;;BD|OSM
(sans nom #11 Canal/Conduit buse/Ecoulement naturel);UNNAMED11;6;9;2640.3;45.395725;5.990771;4843;road;1;0;0;0;surface=asphalt;;BD|OSM
(sans nom #11 Canal/Conduit buse/Ecoulement naturel);UNNAMED11;7;8;2722.9;45.395031;5.990633;4909;mixed:foot+track;0;0;0;0;;;BD|OSM
(sans nom #11 Canal/Conduit buse/Ecoulement naturel);UNNAMED11;8;7;2876.5;45.393786;5.989778;5058;foot;0;0;0;0;;;BD
(sans nom #11 Canal/Conduit buse/Ecoulement naturel);UNNAMED11;9;6;3514.7;45.38859;5.986294;5679;foot;0;0;0;0;;;BD
(sans nom #11 Canal/Conduit buse/Ecoulement naturel);UNNAMED11;10;5;3975.1;45.385195;5.983524;6110;mixed:foot+road+track;0;0;0;1;;;BD|OSM
(sans nom #11 Canal/Conduit buse/Ecoulement naturel);UNNAMED11;11;4;4167.1;45.384017;5.982295;6272;track;0;0;0;0;;;BD
(sans nom #11 Canal/Conduit buse/Ecoulement naturel);UNNAMED11;12;3;4417.2;45.383868;5.979636;6413;road;1;0;0;0;;;BD|OSM
(sans nom #11 Canal/Conduit buse/Ecoulement naturel);UNNAMED11;13;2;5182.7;45.377476;5.976978;7103;road;1;0;0;0;;;BD|OSM
(sans nom #11 Canal/Conduit buse/Ecoulement naturel);UNNAMED11;14;1;5425.1;45.37551;5.977726;7246;road;0;0;0;1;;;BD|OSM
(sans nom #12 Conduit buse/Ecoulement naturel/Retenue);UNNAMED12;1;1;1194.6;45.377175;5.986509;6714;mixed:foot+road;1;0;0;1;surface=asphalt;;BD|OSM
(sans nom #13 Canal/Ecoulement naturel);UNNAMED13;1;6;37.3;45.392002;5.990343;5185;mixed:foot+road;0;0;0;0;;Bella Via Rive gauche;BD|OSM
(sans nom #13 Canal/Ecoulement naturel);UNNAMED13;2;5;224.7;45.391265;5.992497;5150;track;0;0;0;0;;;BD
(sans nom #13 Canal/Ecoulement naturel);UNNAMED13;3;4;440.8;45.39044;5.994996;5114;foot;0;0;0;0;;;OSM
(sans nom #13 Canal/Ecoulement naturel);UNNAMED13;4;3;670.8;45.388508;5.994275;5325;track;0;0;0;0;;;BD|OSM
(sans nom #13 Canal/Ecoulement naturel);UNNAMED13;5;2;2227.9;45.375666;5.986557;6856;track;0;0;0;1;;;BD|OSM
(sans nom #13 Canal/Ecoulement naturel);UNNAMED13;6;1;2899.2;45.370058;5.983359;7521;track;0;0;0;1;;;BD|OSM
(sans nom #14 Ecoulement naturel);UNNAMED14;1;3;420.9;45.389061;6.000003;5043;mixed:foot+road;0;0;0;0;;AV DE SAVOIE|Avenue de Savoie|R DU LEAT;BD|OSM
(sans nom #14 Ecoulement naturel);UNNAMED14;2;2;459.0;45.388993;5.999527;5068;foot;0;0;0;0;;R DU LEAT;BD
(sans nom #14 Ecoulement naturel);UNNAMED14;3;1;567.2;45.38874;5.998193;5143;foot;1;0;0;0;;;BD|OSM
(sans nom #15 Ecoulement naturel);UNNAMED15;1;4;104.9;45.403458;5.999447;3750;foot;0;0;0;0;;sentier botanique de la Rolande et du Maupas;OSM
(sans nom #15 Ecoulement naturel);UNNAMED15;2;3;386.7;45.401208;5.997779;4024;foot;0;0;0;0;;;OSM
(sans nom #15 Ecoulement naturel);UNNAMED15;3;2;549.9;45.39991;5.996804;4184;mixed:foot+track;0;0;0;0;;sentier botanique de la Rolande et du Maupas;BD|OSM
(sans nom #15 Ecoulement naturel);UNNAMED15;4;1;750.3;45.398315;5.995606;4380;foot;0;0;0;0;;;OSM
(sans nom #16 Canal);UNNAMED16;1;4;453.9;45.482716;5.996685;6554;track;0;0;0;0;;CHE DE CHAMPLONG;BD|OSM
(sans nom #16 Canal);UNNAMED16;2;3;585.7;45.482021;5.997378;6461;track;0;0;0;0;;;BD|OSM
(sans nom #16 Canal);UNNAMED16;3;2;1238.8;45.477372;6.001206;5868;track;0;0;0;0;;GRAND CHEMIN DE CHAMPLONG;BD|OSM
(sans nom #16 Canal);UNNAMED16;4;1;1878.9;45.474668;6.006223;5442;track;0;0;0;0;;;BD|OSM
(sans nom #17 Canal);UNNAMED17;1;8;26.5;45.492147;5.986142;7853;mixed:foot+road;0;0;0;0;;LAC DE SAINT ANDRE|RTE DU LAC DE SAINT-ANDRE;BD
(sans nom #17 Canal);UNNAMED17;2;7;339.1;45.490336;5.988897;7578;track;0;0;0;0;;CHE DU LAC BROZ;BD
(sans nom #17 Canal);UNNAMED17;3;6;720.2;45.487348;5.98798;7313;foot;0;0;0;0;;;BD
(sans nom #17 Canal);UNNAMED17;4;5;762.6;45.486992;5.988172;7271;foot;0;0;0;0;;;BD
(sans nom #17 Canal);UNNAMED17;5;4;810.5;45.48662;5.988453;7224;mixed:foot+road+track;0;0;0;0;;CHE DE BISPLAINE|Chemin de la Bisplaine;BD|OSM
(sans nom #17 Canal);UNNAMED17;6;3;1328.5;45.483811;5.992353;6808;road;0;0;0;0;;RTE DE GRESIVAUDAN|Route du Grésivaudan;BD|OSM
(sans nom #17 Canal);UNNAMED17;7;2;1897.4;45.479318;5.995195;6263;track;0;0;0;0;;GRAND CHEMIN DE CHAMPLONG;BD|OSM
(sans nom #17 Canal);UNNAMED17;8;1;2234.2;45.476327;5.995467;5958;track;0;0;0;0;;;BD|OSM
(sans nom #18 Ecoulement naturel);UNNAMED18;1;1;252.7;45.473662;5.992814;5801;track;0;0;0;0;;;BD
(sans nom #19 Ecoulement naturel);UNNAMED19;1;3;427.9;45.482023;6.005628;6227;road;0;0;0;0;;CHE DE COUCOU;BD|OSM
(sans nom #19 Ecoulement naturel);UNNAMED19;2;2;1273.2;45.477047;6.007852;5648;track;0;0;0;0;;GRAND CHEMIN DE CHAMPLONG;BD|OSM
(sans nom #19 Ecoulement naturel);UNNAMED19;3;1;1573.2;45.474359;6.008149;5358;track;0;0;0;0;;;BD|OSM
(sans nom #20 Ecoulement naturel);UNNAMED20;1;2;234.6;45.378099;6.004499;6008;foot;0;0;0;0;;;BD|OSM
(sans nom #20 Ecoulement naturel);UNNAMED20;2;1;380.0;45.378339;6.002759;6032;road;0;0;0;0;;RTE DE MAILLES|Route de Mailles;BD|OSM
(sans nom #21 Ecoulement naturel);UNNAMED21;1;5;172.8;45.385811;6.017205;4903;foot;0;0;0;0;;;BD
(sans nom #21 Ecoulement naturel);UNNAMED21;2;4;211.8;45.38601;6.016805;4888;foot;0;0;0;0;;;OSM
(sans nom #21 Ecoulement naturel);UNNAMED21;3;3;356.5;45.386445;6.015105;4873;road;0;0;0;0;;RTE DU FONTANIL|Route du Fontanil;BD|OSM
(sans nom #21 Ecoulement naturel);UNNAMED21;4;2;727.6;45.387657;6.010839;4842;road;0;0;0;0;;;BD|OSM
(sans nom #21 Ecoulement naturel);UNNAMED21;5;1;862.0;45.388167;6.009326;4828;foot;0;1;0;0;;CHE DU TROUILLET|Chemin du Trouillet;BD|OSM|OSMford
(sans nom #22 Ecoulement naturel);UNNAMED22;1;7;307.1;45.38516;6.00986;5129;road;0;0;0;0;;;BD|OSM
(sans nom #22 Ecoulement naturel);UNNAMED22;2;6;421.5;45.385444;6.00847;5135;road;0;0;0;0;;;BD|OSM
(sans nom #22 Ecoulement naturel);UNNAMED22;3;5;455.4;45.385514;6.00805;5139;track;0;0;0;0;;;BD
(sans nom #22 Ecoulement naturel);UNNAMED22;4;4;551.5;45.385828;6.006914;5139;mixed:foot+track;0;0;0;0;;;BD|OSM
(sans nom #22 Ecoulement naturel);UNNAMED22;5;3;613.2;45.38607;6.006203;5134;track;0;0;0;0;;;BD
(sans nom #22 Ecoulement naturel);UNNAMED22;6;2;653.4;45.386218;6.005739;5133;road;0;0;0;0;;CHE DU BURLAND|CHE DU TROUILLET|Chemin de Burland;BD|OSM
(sans nom #22 Ecoulement naturel);UNNAMED22;7;1;701.7;45.386322;6.005139;5141;road;0;0;0;0;;RTE DE MAILLES|Route de Mailles;BD|OSM
(sans nom #23 Ecoulement naturel);UNNAMED23;1;1;460.5;45.372386;6.019112;6342;mixed:foot+road;0;0;0;0;;RTE DU CREY|Route du Crey;BD|OSM
(sans nom #24 Ecoulement naturel);UNNAMED24;1;4;315.6;45.394754;6.026875;3803;track;0;0;0;0;;Route Forestière dite de Clarfait;BD|OSM
(sans nom #24 Ecoulement naturel);UNNAMED24;2;3;713.6;45.395645;6.022031;3756;foot;0;0;0;0;;;BD
(sans nom #24 Ecoulement naturel);UNNAMED24;3;2;760.8;45.395843;6.021499;3743;foot;0;0;0;0;;;OSM
(sans nom #24 Ecoulement naturel);UNNAMED24;4;1;1189.6;45.397678;6.01694;3635;road;0;0;0;0;;RTE DE BERRUER|Route de Berruer;BD|OSM
(sans nom #25 Ecoulement naturel);UNNAMED25;1;1;232.6;45.406894;6.017639;2656;mixed:foot+track;0;0;0;0;;;BD|OSM
(sans nom #26 Ecoulement naturel);UNNAMED26;1;1;331.1;45.398497;6.001084;4106;track;0;0;0;0;;;BD
(sans nom #27 Ecoulement naturel);UNNAMED27;1;2;168.2;45.400828;6.004907;3724;track;0;0;0;0;;;BD|OSM
(sans nom #27 Ecoulement naturel);UNNAMED27;2;1;540.3;45.398242;6.002231;4079;track;0;0;0;0;;;BD
(sans nom #28 Ecoulement naturel);UNNAMED28;1;2;289.1;45.392357;6.026198;4073;mixed:foot+track;0;0;0;0;;Route Forestière dite de Clarfait;BD|OSM
(sans nom #28 Ecoulement naturel);UNNAMED28;2;1;745.9;45.393262;6.020845;4034;track;0;1;0;0;;;BD|OSMford
(sans nom #29 Ecoulement naturel);UNNAMED29;1;3;206.5;45.399764;5.99891;4093;foot;0;0;0;0;;sentier botanique de la Rolande et du Maupas;OSM
(sans nom #29 Ecoulement naturel);UNNAMED29;2;2;253.9;45.39937;5.999146;4117;foot;0;0;0;0;;sentier botanique de la Rolande et du Maupas;OSM
(sans nom #29 Ecoulement naturel);UNNAMED29;3;1;379.1;45.398316;5.999687;4186;road;0;0;0;0;;CHE DE L'ILE TARENTEZIN|Chemin de l'Île Tarentezin;BD|OSM
(sans nom #30 Canal/Conduit buse/Ecoulement naturel);UNNAMED30;1;12;1136.1;45.432016;6.026963;471;road;0;0;0;0;;;BD|OSM
(sans nom #30 Canal/Conduit buse/Ecoulement naturel);UNNAMED30;2;11;1179.2;45.431929;6.02643;494;mixed:foot+road;0;0;0;1;;DEVIATION EST|R DU PONTET|Rue du Pontet;BD|OSM
(sans nom #30 Canal/Conduit buse/Ecoulement naturel);UNNAMED30;3;10;1444.8;45.431324;6.023208;668;road;1;0;0;0;surface=asphalt;R DES ECOLES|Rue des Écoles;BD|OSM
(sans nom #30 Canal/Conduit buse/Ecoulement naturel);UNNAMED30;4;9;1525.5;45.431128;6.022214;732;foot;1;0;0;0;;;BD|OSM
(sans nom #30 Canal/Conduit buse/Ecoulement naturel);UNNAMED30;5;8;2053.2;45.427944;6.018829;958;road;0;0;0;0;;;OSM
(sans nom #30 Canal/Conduit buse/Ecoulement naturel);UNNAMED30;6;7;2086.8;45.428113;6.018474;984;mixed:foot+road;0;0;0;0;;AV DU DAUPHINE|Avenue du Dauphiné;BD|OSM
(sans nom #30 Canal/Conduit buse/Ecoulement naturel);UNNAMED30;7;6;2184.1;45.427977;6.017267;1080;mixed:foot+road;0;0;0;0;;Rue Amable Matussière|rue Amable Matussière;BD|OSM
(sans nom #30 Canal/Conduit buse/Ecoulement naturel);UNNAMED30;8;5;2443.9;45.42642;6.015187;1267;mixed:foot+road+track;1;0;0;0;;CHE DU PLA|R DU GRIGNON|Rue de Grignon;BD|OSM
(sans nom #30 Canal/Conduit buse/Ecoulement naturel);UNNAMED30;9;4;2922.1;45.424881;6.009923;1708;road;1;0;0;0;surface=asphalt;R DE LA CHANTOURNE|Rue de la Chantourne;BD|OSM
(sans nom #30 Canal/Conduit buse/Ecoulement naturel);UNNAMED30;10;3;3151.3;45.42324;6.010885;1694;road;0;0;0;1;;CHE DES MARTINETS|Chemin des Martinets;BD|OSM
(sans nom #30 Canal/Conduit buse/Ecoulement naturel);UNNAMED30;11;2;3260.8;45.422328;6.011176;1713;road;1;0;0;0;;AV JEAN FRANCOIS CHAMPOLLION;BD|OSM
(sans nom #30 Canal/Conduit buse/Ecoulement naturel);UNNAMED30;12;1;3385.8;45.421217;6.010978;1783;road;1;0;0;0;;CHE DES GAYETS;BD|OSM
(sans nom #32 Ecoulement naturel);UNNAMED32;1;2;34.8;45.409042;6.021544;2323;mixed:foot+track;0;0;0;0;;;BD|OSM
(sans nom #32 Ecoulement naturel);UNNAMED32;2;1;232.3;45.409842;6.019465;2298;mixed:foot+track;0;0;0;0;;;BD|OSM
(sans nom #33 Canal/Ecoulement naturel);UNNAMED33;1;2;603.5;45.462376;6.028848;3725;road;0;0;0;0;;;BD|OSM
(sans nom #33 Canal/Ecoulement naturel);UNNAMED33;2;1;1412.1;45.455981;6.0239;3062;road;0;0;0;0;;Route des Lots;BD|OSM
(sans nom #34 Canal);UNNAMED34;1;2;566.5;45.455708;6.004118;3647;track;0;0;0;0;;;BD
(sans nom #34 Canal);UNNAMED34;2;1;1195.7;45.461338;6.003952;4180;track;1;0;0;0;;;BD|OSM
(sans nom #35 Ecoulement naturel);UNNAMED35;1;3;403.1;45.463589;6.026637;3871;road;0;0;0;0;;;BD|OSM
(sans nom #35 Ecoulement naturel);UNNAMED35;2;2;1698.7;45.457387;6.020141;3279;road;0;0;0;0;;;BD|OSM
(sans nom #35 Ecoulement naturel);UNNAMED35;3;1;1738.1;45.45722;6.019699;3270;track;0;0;0;0;;;BD|OSM
(sans nom #36 Conduit buse/Ecoulement naturel/Retenue);UNNAMED36;1;35;258.8;45.377027;6.038697;5789;foot;0;0;0;0;;;BD
(sans nom #36 Conduit buse/Ecoulement naturel/Retenue);UNNAMED36;2;34;518.3;45.376149;6.041711;5915;track;0;0;0;0;;;BD
(sans nom #36 Conduit buse/Ecoulement naturel/Retenue);UNNAMED36;3;33;779.0;45.374406;6.0439;6132;road;0;0;0;0;;R DE CHARVAN|Rue de Charvan;BD|OSM
(sans nom #36 Conduit buse/Ecoulement naturel/Retenue);UNNAMED36;4;32;811.1;45.374191;6.044174;6159;mixed:foot+road;0;0;0;1;;R DU CORDIER|Rue du Cordier;BD|OSM
(sans nom #36 Conduit buse/Ecoulement naturel/Retenue);UNNAMED36;5;31;966.2;45.372902;6.044934;6311;road;0;0;0;1;;RTE DE GRENOBLE|Route de Grenoble;BD|OSM
(sans nom #36 Conduit buse/Ecoulement naturel/Retenue);UNNAMED36;6;30;1029.5;45.372419;6.045351;6369;foot;0;0;0;1;;Chemin de fer des forges d'Allevard;OSM
(sans nom #36 Conduit buse/Ecoulement naturel/Retenue);UNNAMED36;7;29;1076.4;45.372088;6.045721;6410;road;0;0;0;1;;R DE LA CLAIE|Rue de la Claie;BD|OSM
(sans nom #36 Conduit buse/Ecoulement naturel/Retenue);UNNAMED36;8;28;1115.9;45.371808;6.046032;6445;road;0;0;0;1;;R DE LA CLAIE|Rue de la Claie;BD|OSM
(sans nom #36 Conduit buse/Ecoulement naturel/Retenue);UNNAMED36;9;27;1237.4;45.371988;6.047089;6441;road;0;0;0;1;;IMP D'URIAGE|Impasse d'Uriage;BD|OSM
(sans nom #36 Conduit buse/Ecoulement naturel/Retenue);UNNAMED36;10;26;1280.0;45.372255;6.047479;6418;road;0;0;0;1;;AV D'URIAGE|Avenue d'Uriage;BD|OSM
(sans nom #36 Conduit buse/Ecoulement naturel/Retenue);UNNAMED36;11;25;1368.2;45.37281;6.048286;6371;track;0;0;0;1;;Chemin de fer des forges d'Allevard;BD|OSM
(sans nom #36 Conduit buse/Ecoulement naturel/Retenue);UNNAMED36;12;24;1579.2;45.374135;6.050216;6262;road;0;0;0;1;;R DES ECOLES|Rue des Écoles;BD|OSM
(sans nom #36 Conduit buse/Ecoulement naturel/Retenue);UNNAMED36;13;23;1647.0;45.374562;6.050837;6228;mixed:foot+road;0;0;0;1;;R DE LA BRIQUETERIE|R DU CHAMP SAPPEY|Rue de la Briqueterie|Rue du Champ Sappey;BD|OSM
(sans nom #36 Conduit buse/Ecoulement naturel/Retenue);UNNAMED36;14;22;1756.8;45.375252;6.051841;6174;road;0;0;0;1;;R DE LA BRIQUETERIE|Rue de la Briqueterie;BD|OSM
(sans nom #36 Conduit buse/Ecoulement naturel/Retenue);UNNAMED36;15;21;1785.8;45.375434;6.052107;6160;road;0;0;0;1;;;BD|OSM
(sans nom #36 Conduit buse/Ecoulement naturel/Retenue);UNNAMED36;16;20;1863.6;45.375923;6.052819;6123;foot;0;0;0;1;;;OSM
(sans nom #36 Conduit buse/Ecoulement naturel/Retenue);UNNAMED36;17;19;1959.2;45.376525;6.053692;6078;foot;0;0;0;1;;;OSM
(sans nom #36 Conduit buse/Ecoulement naturel/Retenue);UNNAMED36;18;18;2017.4;45.376892;6.054222;6052;road;0;0;0;1;;RTE D ALLEVARD|Route d'Allevard;BD|OSM
(sans nom #36 Conduit buse/Ecoulement naturel/Retenue);UNNAMED36;19;17;2141.6;45.377676;6.055354;5996;track;0;0;0;1;;;BD|OSM
(sans nom #36 Conduit buse/Ecoulement naturel/Retenue);UNNAMED36;20;16;3371.2;45.385166;6.066869;5606;mixed:foot+track;0;0;0;0;;;BD|OSM
(sans nom #36 Conduit buse/Ecoulement naturel/Retenue);UNNAMED36;21;15;3537.8;45.386302;6.068256;5553;road;0;0;0;0;;CHE DES TRAINES|Chemin des Traines;BD|OSM
(sans nom #36 Conduit buse/Ecoulement naturel/Retenue);UNNAMED36;22;14;3641.8;45.386959;6.069186;5530;road;0;0;0;0;;RTE DE MONTOUVRARD|Route de Montouvrard;BD|OSM
(sans nom #36 Conduit buse/Ecoulement naturel/Retenue);UNNAMED36;23;13;3761.0;45.387866;6.069998;5481;road;0;0;0;0;;R DU FLUMET|Rue du Flumet;BD|OSM
(sans nom #36 Conduit buse/Ecoulement naturel/Retenue);UNNAMED36;24;12;3863.1;45.388645;6.070694;5440;road;0;0;0;0;;;BD|OSM
(sans nom #36 Conduit buse/Ecoulement naturel/Retenue);UNNAMED36;25;11;4020.8;45.389791;6.071881;5390;road;0;0;0;0;;AV DES BAINS|Avenue des Bains;BD|OSM
(sans nom #36 Conduit buse/Ecoulement naturel/Retenue);UNNAMED36;26;10;4056.2;45.390043;6.072156;5381;foot;0;0;0;0;;;OSM
(sans nom #36 Conduit buse/Ecoulement naturel/Retenue);UNNAMED36;27;9;4102.5;45.390374;6.072517;5368;road;0;0;0;0;;;OSM
(sans nom #36 Conduit buse/Ecoulement naturel/Retenue);UNNAMED36;28;8;4134.4;45.390602;6.072765;5360;road;0;0;0;0;;;OSM
(sans nom #36 Conduit buse/Ecoulement naturel/Retenue);UNNAMED36;29;7;4199.3;45.391066;6.073269;5344;foot;0;0;0;0;;;BD|OSM
(sans nom #36 Conduit buse/Ecoulement naturel/Retenue);UNNAMED36;30;6;4242.5;45.391381;6.073594;5332;foot;0;0;0;0;;;BD|OSM
(sans nom #36 Conduit buse/Ecoulement naturel/Retenue);UNNAMED36;31;5;4283.0;45.391676;6.073897;5321;foot;0;0;0;0;;;BD|OSM
(sans nom #36 Conduit buse/Ecoulement naturel/Retenue);UNNAMED36;32;4;4304.8;45.391835;6.074061;5316;foot;0;0;0;0;;;BD
(sans nom #36 Conduit buse/Ecoulement naturel/Retenue);UNNAMED36;33;3;4349.0;45.392157;6.074392;5305;road;0;0;0;0;;R BERNARD NIEPCE|Rue Bernard Niepce;BD|OSM
(sans nom #36 Conduit buse/Ecoulement naturel/Retenue);UNNAMED36;34;2;4407.9;45.392586;6.074835;5290;road;0;0;0;0;;R PONSARD|Rue François Ponsard;BD|OSM
(sans nom #36 Conduit buse/Ecoulement naturel/Retenue);UNNAMED36;35;1;4442.8;45.392841;6.075097;5282;mixed:foot+road;0;0;0;0;;R CHENAL|Rue Chenal;BD|OSM
(sans nom #37 Ecoulement naturel);UNNAMED37;1;1;456.4;45.375095;6.024489;5994;foot;0;0;0;0;;;BD|OSM
(sans nom #38 Ecoulement naturel);UNNAMED38;1;1;401.0;45.390526;6.025173;4283;foot;0;0;0;0;;;OSM
(sans nom #40 Ecoulement naturel);UNNAMED40;1;1;168.4;45.407677;6.044998;2596;foot;0;0;0;0;;;BD
(sans nom #41 Ecoulement naturel);UNNAMED41;1;1;218.2;45.402229;6.037747;3005;track;0;0;0;0;;Route Forestière dite de Clarfait;BD|OSM
(sans nom #42 Ecoulement naturel);UNNAMED42;1;3;9.9;45.402036;6.041811;3098;foot;0;0;0;0;;;BD
(sans nom #42 Ecoulement naturel);UNNAMED42;2;2;271.4;45.40337;6.039105;2902;foot;0;0;0;0;;;BD
(sans nom #42 Ecoulement naturel);UNNAMED42;3;1;390.3;45.403654;6.037651;2848;track;0;0;0;0;;Route Forestière dite de Clarfait;BD|OSM
(sans nom #43 Ecoulement naturel);UNNAMED43;1;1;306.2;45.40134;6.034933;3073;track;0;0;0;0;;Route Forestière dite de Clarfait;BD|OSM
(sans nom #44 Ecoulement naturel);UNNAMED44;1;4;66.2;45.41082;6.048218;2414;track;0;0;0;0;;;BD
(sans nom #44 Ecoulement naturel);UNNAMED44;2;3;115.1;45.41106;6.047696;2370;foot;0;0;0;0;;;BD
(sans nom #44 Ecoulement naturel);UNNAMED44;3;2;246.6;45.411557;6.046181;2259;track;0;0;0;0;;;BD
(sans nom #44 Ecoulement naturel);UNNAMED44;4;1;447.7;45.412016;6.04375;2120;mixed:foot+track;0;0;0;0;;;BD|OSM
(sans nom #45 Ecoulement naturel);UNNAMED45;1;2;132.5;45.410977;6.038535;2073;foot;0;0;0;0;;;BD
(sans nom #45 Ecoulement naturel);UNNAMED45;2;1;270.5;45.412136;6.03795;1936;track;0;0;0;0;;;BD|OSM
(sans nom #46 Ecoulement naturel);UNNAMED46;1;1;151.9;45.407855;6.045914;2609;foot;0;0;0;0;;;BD
(sans nom #47 Ecoulement naturel);UNNAMED47;1;3;77.0;45.421907;6.036584;888;road;0;0;0;0;;RTE DU MOURET|Route du Mouret;BD|OSM
(sans nom #47 Ecoulement naturel);UNNAMED47;2;2;267.9;45.422539;6.034599;757;road;0;0;0;0;;RTE DU VIEUX SAINT-MAXIMIN|Route du Vieux Saint-Maximin;BD|OSM
(sans nom #47 Ecoulement naturel);UNNAMED47;3;1;539.5;45.424156;6.032599;538;road;0;0;0;0;;LE PLANTIER;BD|OSM
(sans nom #48 Ecoulement naturel);UNNAMED48;1;4;1.2;45.417556;6.033995;1278;track;0;0;0;0;;;BD
(sans nom #48 Ecoulement naturel);UNNAMED48;2;3;145.6;45.41855;6.032874;1156;track;0;0;0;0;;CHE DU COUSSON;BD|OSM
(sans nom #48 Ecoulement naturel);UNNAMED48;3;2;245.4;45.419081;6.031883;1089;road;0;0;0;0;;CHE DU ROCHAT|Chemin du Rochat;BD|OSM
(sans nom #48 Ecoulement naturel);UNNAMED48;4;1;413.0;45.419982;6.030245;989;road;0;0;0;0;;RTE DU CARRON|Route du Carron;BD|OSM
(sans nom #49 Ecoulement naturel);UNNAMED49;1;2;304.2;45.418381;6.050634;1927;track;0;0;0;0;;;BD
(sans nom #49 Ecoulement naturel);UNNAMED49;2;1;434.5;45.418249;6.049004;1836;foot;0;0;0;0;;;BD
(sans nom #50 Ecoulement naturel);UNNAMED50;1;4;181.0;45.42124;6.048767;1627;track;0;0;0;0;;;BD
(sans nom #50 Ecoulement naturel);UNNAMED50;2;3;246.2;45.421426;6.047978;1563;track;0;0;0;0;;;BD|OSM
(sans nom #50 Ecoulement naturel);UNNAMED50;3;2;412.2;45.421864;6.045965;1405;mixed:foot+track;0;0;0;0;;;BD|OSM
(sans nom #50 Ecoulement naturel);UNNAMED50;4;1;438.0;45.421861;6.045636;1383;mixed:foot+track;0;0;0;0;;;BD|OSM
(sans nom #51 Ecoulement naturel);UNNAMED51;1;4;320.6;45.433857;6.044639;1201;track;0;0;0;0;;;BD
(sans nom #51 Ecoulement naturel);UNNAMED51;2;3;529.4;45.435302;6.046318;1394;foot;0;0;0;0;;;BD|OSM
(sans nom #51 Ecoulement naturel);UNNAMED51;3;2;558.3;45.435529;6.0465;1419;foot;0;0;0;0;;;BD|OSM
(sans nom #51 Ecoulement naturel);UNNAMED51;4;1;585.7;45.435747;6.046664;1442;foot;0;0;0;0;;;OSM
(sans nom #52 Canal);UNNAMED52;1;3;47.3;45.460347;6.051472;3844;road;0;0;0;0;;RTE DE LA SAVOYARDE|Route de la Savoyarde;BD|OSM
(sans nom #52 Canal);UNNAMED52;2;2;1053.1;45.454537;6.04582;3076;track;0;0;0;0;;;BD
(sans nom #52 Canal);UNNAMED52;3;1;1832.9;45.452792;6.039016;2729;road;0;0;0;0;;RTE DE LA PLAINE|Route de la Plaine;BD|OSM
(sans nom #53 Canal/Conduit buse/Ecoulement naturel);UNNAMED53;1;2;333.5;45.451376;6.035448;2523;road;0;0;0;0;;RTE DE LA MALADIERE|Route de la Maladière;BD|OSM
(sans nom #53 Canal/Conduit buse/Ecoulement naturel);UNNAMED53;2;1;525.5;45.451864;6.033648;2562;track;0;0;0;0;;;BD|OSM
(sans nom #54 Ecoulement naturel);UNNAMED54;1;2;338.5;45.446045;6.045063;2201;road;0;0;0;0;;RTE DES CORTANNES|Route des Cortannes;BD|OSM
(sans nom #54 Ecoulement naturel);UNNAMED54;2;1;523.8;45.447556;6.045923;2380;road;0;0;0;0;;R DE SAINTE-ANNE|Rue de Sainte-Anne;BD|OSM
(sans nom #55 Canal);UNNAMED55;1;3;0.0;45.475681;6.072114;6111;road;0;0;0;0;;RTE DU LAC;BD
(sans nom #55 Canal);UNNAMED55;2;2;1096.2;45.46937;6.0615;5090;track;0;0;0;0;;;BD|OSM
(sans nom #55 Canal);UNNAMED55;3;1;2112.6;45.463954;6.0511;4200;track;0;0;0;0;;;BD|OSM
(sans nom #56 Canal/Ecoulement naturel);UNNAMED56;1;16;306.8;45.492947;6.08181;8148;road;1;0;0;0;;RTE DE LA PEYSSE;BD
(sans nom #56 Canal/Ecoulement naturel);UNNAMED56;2;15;1182.2;45.485458;6.079449;7336;road;0;0;0;0;;RTE GENERAL BRANET|Route du Touvet;BD|OSM
(sans nom #56 Canal/Ecoulement naturel);UNNAMED56;3;14;1522.1;45.483447;6.07782;7079;mixed:foot+track;0;0;0;1;;;BD|OSM
(sans nom #56 Canal/Ecoulement naturel);UNNAMED56;4;13;2581.0;45.481423;6.067701;6502;foot;1;0;0;0;surface=gravel;CHE DES CHAUDANNES|Chemin des Chaudannes;BD|OSM
(sans nom #56 Canal/Ecoulement naturel);UNNAMED56;5;12;2676.9;45.480866;6.06677;6415;road;0;0;0;1;;RTE DU LAC|Route du Lac;BD|OSM
(sans nom #56 Canal/Ecoulement naturel);UNNAMED56;6;11;3096.9;45.478714;6.062376;6054;track;0;0;0;0;;CHE DU PRIEURE;BD|OSM
(sans nom #56 Canal/Ecoulement naturel);UNNAMED56;7;10;3345.6;45.477661;6.059676;5863;track;0;0;0;0;;;BD
(sans nom #56 Canal/Ecoulement naturel);UNNAMED56;8;9;3388.2;45.477435;6.059237;5827;track;0;0;0;0;;;BD
(sans nom #56 Canal/Ecoulement naturel);UNNAMED56;9;8;3472.6;45.476844;6.058598;5747;mixed:foot+track;0;0;0;0;;;BD|OSM
(sans nom #56 Canal/Ecoulement naturel);UNNAMED56;10;7;3505.5;45.476613;6.058352;5716;mixed:foot+track;0;0;0;0;;;BD|OSM
(sans nom #56 Canal/Ecoulement naturel);UNNAMED56;11;6;3536.0;45.476464;6.058024;5691;mixed:foot+track;0;0;0;1;;CHE DU COISETAN;BD|OSM
(sans nom #56 Canal/Ecoulement naturel);UNNAMED56;12;5;3888.3;45.473778;6.055804;5350;track;0;0;0;0;;;BD|OSM
(sans nom #56 Canal/Ecoulement naturel);UNNAMED56;13;4;4355.2;45.470703;6.053208;4959;track;0;0;0;0;;;BD
(sans nom #56 Canal/Ecoulement naturel);UNNAMED56;14;3;5022.7;45.466914;6.047045;4407;track;1;0;0;1;;CHE DES LIBELLULES;BD|OSM
(sans nom #56 Canal/Ecoulement naturel);UNNAMED56;15;2;5377.0;45.464031;6.046759;4094;road;0;0;0;1;;CHE DES RUISSEAUX;BD|OSM
(sans nom #56 Canal/Ecoulement naturel);UNNAMED56;16;1;5520.8;45.462838;6.04653;3962;road;1;0;0;0;;Pont des Mollettes|RTE DE LA SAVOYARDE;BD|OSM
(sans nom #58 Ecoulement naturel);UNNAMED58;1;8;140.3;45.406927;6.064903;3601;road;0;0;0;0;;CHE DE BAJIN|Chemin de Bajin;BD|OSM
(sans nom #58 Ecoulement naturel);UNNAMED58;2;7;406.0;45.405695;6.067665;3853;road;0;0;0;0;;RTE DU CHANEY|Route du Chaney;BD|OSM
(sans nom #58 Ecoulement naturel);UNNAMED58;3;6;531.5;45.404983;6.068876;3976;foot;0;0;0;0;;;BD
(sans nom #58 Ecoulement naturel);UNNAMED58;4;5;558.8;45.404855;6.069174;4003;road;0;0;0;0;;Traverse du Chatelet;BD|OSM
(sans nom #58 Ecoulement naturel);UNNAMED58;5;4;722.0;45.404113;6.070861;4156;road;1;0;0;0;;RTE DU GLAPIGNEUX|Route du Glapigneux;BD|OSM
(sans nom #58 Ecoulement naturel);UNNAMED58;6;3;921.1;45.402692;6.072305;4346;road;0;0;0;0;;CHE DE LA TOUR DU TREUIL|Chemin de la Tour du Treuil;BD|OSM
(sans nom #58 Ecoulement naturel);UNNAMED58;7;2;1223.5;45.4011;6.074549;4594;road;0;0;0;0;;RTE DU MOUTARET|Route du Moutaret;BD|OSM
(sans nom #58 Ecoulement naturel);UNNAMED58;8;1;1537.5;45.400433;6.078261;4861;mixed:foot+road+track;0;0;0;0;;BD DES ANCIENS D'ALGERIE|Boulevard des Anciens d'Algérie|PROM DU BREDA;BD|OSM
(sans nom #59 Ecoulement naturel);UNNAMED59;1;8;704.8;45.39837;6.068389;4474;road;0;0;0;0;;RTE DU GLAPIGNEUX|Route du Glapigneux;BD|OSM
(sans nom #59 Ecoulement naturel);UNNAMED59;2;7;745.7;45.398293;6.0689;4507;track;0;0;0;0;;Rue de la Fontaine des Amoureux;OSM
(sans nom #59 Ecoulement naturel);UNNAMED59;3;6;881.7;45.398025;6.070596;4617;road;0;0;0;0;;R DU PONT D'ARCOLE|Rue du Pont d'Arcole;BD|OSM
(sans nom #59 Ecoulement naturel);UNNAMED59;4;5;1028.9;45.397735;6.072432;4738;road;0;0;0;0;;R DE GRANGE NEUVE|Rue de Grange Neuve;BD|OSM
(sans nom #59 Ecoulement naturel);UNNAMED59;5;4;1123.2;45.39755;6.073608;4817;foot;0;0;0;0;;;OSM
(sans nom #59 Ecoulement naturel);UNNAMED59;6;3;1173.5;45.397451;6.074235;4859;road;0;0;0;0;;RTE DU MOUTARET|Route du Moutaret;BD|OSM
(sans nom #59 Ecoulement naturel);UNNAMED59;7;2;1229.7;45.397341;6.074936;4906;road;0;0;0;0;;BD DES ANCIENS D'ALGERIE|Boulevard des Anciens d'Algérie;BD|OSM
(sans nom #59 Ecoulement naturel);UNNAMED59;8;1;1350.3;45.397104;6.07644;5007;road;0;0;0;0;;PROM DU BREDA|Promenade du Bréda;BD|OSM
(sans nom #60 Ecoulement naturel);UNNAMED60;1;12;276.2;45.403968;6.061419;3648;road;0;0;0;0;;CHE DE BAJIN|Chemin de Bajin;BD|OSM
(sans nom #60 Ecoulement naturel);UNNAMED60;2;11;434.9;45.403131;6.063026;3800;foot;0;0;0;0;;;BD|OSM
(sans nom #60 Ecoulement naturel);UNNAMED60;3;10;575.1;45.401932;6.063547;3928;road;0;0;0;0;;RTE DU CHANEY;BD
(sans nom #60 Ecoulement naturel);UNNAMED60;4;9;1073.4;45.399763;6.068951;4388;road;0;0;0;0;;RTE DU GLAPIGNEUX|Route du Glapigneux;BD|OSM
(sans nom #60 Ecoulement naturel);UNNAMED60;5;8;1138.0;45.399634;6.069756;4441;track;0;0;0;0;;;BD|OSM
(sans nom #60 Ecoulement naturel);UNNAMED60;6;7;1211.1;45.399489;6.070667;4502;road;0;0;0;0;;R BAYARD;BD|OSM
(sans nom #60 Ecoulement naturel);UNNAMED60;7;6;1282.7;45.399347;6.07156;4562;road;0;0;0;0;;CHE DE LA TOUR DU TREUIL|Chemin de la Tour du Treuil;BD|OSM
(sans nom #60 Ecoulement naturel);UNNAMED60;8;5;1453.6;45.399008;6.07369;4706;road;0;0;0;0;;RTE DU MOUTARET|Route du Moutaret;BD|OSM
(sans nom #60 Ecoulement naturel);UNNAMED60;9;4;1486.9;45.398942;6.074106;4734;road;0;0;0;0;;CHE DU BIEN ALLER|Chemin du Bien-Aller;BD|OSM
(sans nom #60 Ecoulement naturel);UNNAMED60;10;3;1547.2;45.398822;6.074858;4785;road;0;0;0;0;;R DE LA RETOURDIERE|Rue de Retourdière;BD|OSM
(sans nom #60 Ecoulement naturel);UNNAMED60;11;2;1664.1;45.398589;6.076315;4885;road;0;0;0;0;;BD DES ANCIENS D'ALGERIE|Boulevard des Anciens d'Algérie;BD|OSM
(sans nom #60 Ecoulement naturel);UNNAMED60;12;1;1754.2;45.39841;6.077439;4963;road;0;0;0;0;;PROM DU BREDA|Promenade du Bréda;BD|OSM
(sans nom #62 Ecoulement naturel);UNNAMED62;1;1;90.5;45.397235;6.056633;4045;foot;0;0;0;0;;;BD|OSM
(sans nom #63 Ecoulement naturel);UNNAMED63;1;1;181.5;45.42118;6.061837;2557;foot;0;0;0;0;;;BD
(sans nom #64 Ecoulement naturel);UNNAMED64;1;5;13.9;45.416128;6.057538;2511;foot;0;0;0;0;;;BD|OSM
(sans nom #64 Ecoulement naturel);UNNAMED64;2;4;145.0;45.416418;6.055926;2389;mixed:foot+track;0;0;0;0;;;BD|OSM
(sans nom #64 Ecoulement naturel);UNNAMED64;3;3;366.3;45.416762;6.053153;2192;track;0;0;0;0;;;BD
(sans nom #64 Ecoulement naturel);UNNAMED64;4;2;413.5;45.416734;6.052552;2157;foot;0;0;0;0;;;BD
(sans nom #64 Ecoulement naturel);UNNAMED64;5;1;494.0;45.416787;6.051532;2092;track;0;0;0;0;;;BD
(sans nom #65 Ecoulement naturel);UNNAMED65;1;2;46.1;45.410851;6.051383;2558;foot;0;0;0;0;;;BD|OSM
(sans nom #65 Ecoulement naturel);UNNAMED65;2;1;164.3;45.411907;6.051472;2472;mixed:foot+track;0;0;0;0;;;BD|OSM
(sans nom #66 Ecoulement naturel);UNNAMED66;1;1;517.1;45.425166;6.058107;2158;foot;0;0;0;0;;;BD
(sans nom #67 Ecoulement naturel);UNNAMED67;1;2;3.8;45.411083;6.053565;2648;foot;0;0;0;0;;;BD|OSM
(sans nom #67 Ecoulement naturel);UNNAMED67;2;1;159.6;45.412381;6.052982;2511;mixed:foot+track;0;0;0;0;;;BD|OSM
(sans nom #68 Ecoulement naturel);UNNAMED68;1;2;191.5;45.420932;6.057959;2284;foot;0;0;0;0;;;BD
(sans nom #68 Ecoulement naturel);UNNAMED68;2;1;313.7;45.421993;6.057654;2219;foot;0;0;0;0;;;BD
(sans nom #69 Ecoulement naturel);UNNAMED69;1;5;23.6;45.413448;6.056399;2622;foot;0;0;0;0;;;BD
(sans nom #69 Ecoulement naturel);UNNAMED69;2;4;189.5;45.41421;6.054584;2460;mixed:foot+track;0;0;0;0;;;BD|OSM
(sans nom #69 Ecoulement naturel);UNNAMED69;3;3;307.5;45.414681;6.053244;2347;foot;0;0;0;0;;;BD
(sans nom #69 Ecoulement naturel);UNNAMED69;4;2;370.6;45.414911;6.052508;2287;foot;0;0;0;0;;;BD
(sans nom #69 Ecoulement naturel);UNNAMED69;5;1;447.7;45.415153;6.051595;2216;track;0;0;0;0;;;BD
(sans nom #70 Ecoulement naturel);UNNAMED70;1;3;128.9;45.422579;6.063217;2614;foot;0;0;0;0;;;BD
(sans nom #70 Ecoulement naturel);UNNAMED70;2;2;352.5;45.423331;6.060623;2396;foot;0;0;0;0;;;BD
(sans nom #70 Ecoulement naturel);UNNAMED70;3;1;448.4;45.423566;6.059506;2305;foot;0;0;0;0;;;BD
(sans nom #71 Ecoulement naturel);UNNAMED71;1;9;37.9;45.41267;6.0734;3772;foot;0;0;0;0;;;BD
(sans nom #71 Ecoulement naturel);UNNAMED71;2;8;100.4;45.412573;6.074181;3831;foot;0;0;0;0;;;OSM
(sans nom #71 Ecoulement naturel);UNNAMED71;3;7;128.9;45.412441;6.074478;3858;road;1;0;0;0;;CHE DE BAJIN|Chemin de Bajin;BD|OSM
(sans nom #71 Ecoulement naturel);UNNAMED71;4;6;203.6;45.411913;6.075014;3923;mixed:foot+track;0;0;0;0;;;BD|OSM
(sans nom #71 Ecoulement naturel);UNNAMED71;5;5;342.2;45.410933;6.076051;4047;foot;0;0;0;0;;;BD
(sans nom #71 Ecoulement naturel);UNNAMED71;6;4;609.1;45.40925;6.078344;4296;track;0;0;0;0;;;BD|OSM
(sans nom #71 Ecoulement naturel);UNNAMED71;7;3;774.6;45.408499;6.08008;4455;road;0;0;0;0;;RTE DU MOUTARET|Route du Moutaret;BD|OSM
(sans nom #71 Ecoulement naturel);UNNAMED71;8;2;975.4;45.407675;6.082316;4652;road;0;0;0;0;;CHE DE LA TOUVIERE|Chemin de la Touviere;BD|OSM
(sans nom #71 Ecoulement naturel);UNNAMED71;9;1;1054.9;45.40736;6.083228;4731;track;0;0;0;0;;;BD
(sans nom #72 Ecoulement naturel);UNNAMED72;1;1;91.1;45.428138;6.067645;2866;foot;0;0;0;0;;;BD
(sans nom #73 Ecoulement naturel);UNNAMED73;1;2;44.1;45.431782;6.066288;2777;foot;0;0;0;0;;;BD
(sans nom #73 Ecoulement naturel);UNNAMED73;2;1;339.8;45.433391;6.063334;2577;track;0;0;0;0;;;BD|OSM
(sans nom #74 Ecoulement naturel);UNNAMED74;1;6;7.3;45.458044;6.059702;3940;foot;0;0;0;0;;;BD
(sans nom #74 Ecoulement naturel);UNNAMED74;2;5;30.3;45.458189;6.059501;3945;foot;0;0;0;0;;;BD
(sans nom #74 Ecoulement naturel);UNNAMED74;3;4;105.8;45.458366;6.058608;3922;track;0;0;0;0;;;BD
(sans nom #74 Ecoulement naturel);UNNAMED74;4;3;186.9;45.458998;6.058159;3962;road;1;0;0;0;;;BD|OSM
(sans nom #74 Ecoulement naturel);UNNAMED74;5;2;551.0;45.46183;6.059778;4296;road;0;0;0;0;;IMP DE LA PEYSSE|Impasse de la Peysse;BD|OSM
(sans nom #74 Ecoulement naturel);UNNAMED74;6;1;593.7;45.462212;6.059719;4329;road;0;0;0;0;;RTE DE MOLLARD FAVIER|Route de Mollard Favier;BD|OSM
(sans nom #75 Ecoulement naturel);UNNAMED75;1;1;461.8;45.400249;6.089648;5580;road;0;0;0;0;;RTE DU GUILLET|Route du Guillet;BD|OSM
(sans nom #76 Ecoulement naturel);UNNAMED76;1;5;238.9;45.420029;6.081836;4094;track;0;0;0;0;;;BD
(sans nom #76 Ecoulement naturel);UNNAMED76;2;4;305.4;45.420002;6.082682;4159;track;0;0;0;0;;CHE DU BASSIN DU MOLLARD;BD|OSM
(sans nom #76 Ecoulement naturel);UNNAMED76;3;3;461.7;45.41996;6.084646;4309;road;0;0;0;0;;Freydon|RTE D'ALLEVARD|RTE DE FREYDON|Route d'Allevard|Route de Freydon;BD|OSM
(sans nom #76 Ecoulement naturel);UNNAMED76;4;2;825.5;45.419084;6.088659;4637;track;0;0;0;0;;CHE DE L'OURSIERE|Chemin de l'Oursière;BD|OSM
(sans nom #76 Ecoulement naturel);UNNAMED76;5;1;910.7;45.418736;6.089621;4720;track;0;0;0;0;;;BD
(sans nom #77 Ecoulement naturel);UNNAMED77;1;3;8.1;45.411418;6.078728;4205;track;0;0;0;0;;;BD|OSM
(sans nom #77 Ecoulement naturel);UNNAMED77;2;2;209.5;45.410433;6.080845;4403;road;0;0;0;0;;RTE DU MOUTARET|Route du Moutaret;BD|OSM
(sans nom #77 Ecoulement naturel);UNNAMED77;3;1;411.5;45.409525;6.082972;4597;foot;0;0;0;0;;;BD
(sans nom #78 Ecoulement naturel);UNNAMED78;1;1;140.3;45.415544;6.082862;4317;road;0;0;0;0;;RTE D'ALLEVARD|Route d'Allevard;BD|OSM
(sans nom #79 Ecoulement naturel);UNNAMED79;1;2;124.6;45.421686;6.085479;4333;road;0;0;0;0;;RTE D'ALLEVARD|Route d'Allevard;BD|OSM
(sans nom #79 Ecoulement naturel);UNNAMED79;2;1;317.3;45.421597;6.087662;4503;track;0;0;0;0;;CHE DE L'OURSIERE|Chemin de l'Oursière;BD|OSM
(sans nom #80 Ecoulement naturel);UNNAMED80;1;4;146.6;45.432786;6.090684;4686;foot;0;0;0;0;;CHE DE LA CROIX;BD|OSM
(sans nom #80 Ecoulement naturel);UNNAMED80;2;3;183.7;45.432984;6.091062;4718;road;0;0;0;0;;RTE DE DETRIER|Route de Détrier;BD|OSM
(sans nom #80 Ecoulement naturel);UNNAMED80;3;2;282.1;45.433438;6.092141;4807;road;0;0;0;0;;RTE DE DETRIER|Route de Détrier;BD|OSM
(sans nom #80 Ecoulement naturel);UNNAMED80;4;1;506.3;45.433712;6.09443;4988;road;0;0;0;0;;RTE DES GORGES;BD|OSM
(sans nom #81 Ecoulement naturel);UNNAMED81;1;6;0.9;45.435214;6.085826;4343;mixed:foot+track;0;0;0;0;;;BD|OSM
(sans nom #81 Ecoulement naturel);UNNAMED81;2;5;207.8;45.436659;6.087439;4496;road;0;0;0;0;;R DES TEPPES|Rue des Teppes;BD|OSM
(sans nom #81 Ecoulement naturel);UNNAMED81;3;4;314.3;45.436929;6.088741;4602;road;0;0;0;0;;Ancienne Route de Pontcharra;BD|OSM
(sans nom #81 Ecoulement naturel);UNNAMED81;4;3;378.8;45.436954;6.089558;4665;road;0;0;0;0;;Route de Pontcharra;BD|OSM
(sans nom #81 Ecoulement naturel);UNNAMED81;5;2;537.3;45.437204;6.09153;4822;mixed:foot+road;0;0;0;0;;RTE DE DETRIER|Route de Détrier;BD|OSM
(sans nom #81 Ecoulement naturel);UNNAMED81;6;1;736.3;45.43754;6.093953;5015;road;0;0;0;0;;RTE DES GORGES;BD|OSM
(sans nom #82 Ecoulement naturel);UNNAMED82;1;5;27.9;45.450437;6.081193;4596;road;0;0;0;0;;Route de Montraillant|Route de montraillant;BD|OSM
(sans nom #82 Ecoulement naturel);UNNAMED82;2;4;257.4;45.448483;6.082091;4549;road;0;0;0;0;;R DU MONT CENIS|Rue du Mont-Cenis;BD|OSM
(sans nom #82 Ecoulement naturel);UNNAMED82;3;3;482.9;45.446508;6.082723;4492;road;0;0;0;0;;;BD|OSM
(sans nom #82 Ecoulement naturel);UNNAMED82;4;2;611.7;45.445375;6.083051;4462;track;0;0;0;0;;Chemin des Ânes;BD|OSM
(sans nom #82 Ecoulement naturel);UNNAMED82;5;1;776.2;45.443935;6.083342;4420;road;0;0;0;0;;;BD|OSM
(sans nom #84 Ecoulement naturel);UNNAMED84;1;3;159.9;45.454718;6.093888;5692;road;0;0;0;0;;RTE DE TERRAILLON|Route de Terraillon;BD|OSM
(sans nom #84 Ecoulement naturel);UNNAMED84;2;2;348.7;45.453637;6.095694;5756;foot;0;0;0;0;;;BD|OSM
(sans nom #84 Ecoulement naturel);UNNAMED84;3;1;485.2;45.45271;6.096817;5786;road;0;0;0;0;;RTE DE LA CHAPELLE BLANCHE|Route de la Chapelle Blanche;BD|OSM
(sans nom #85 Ecoulement naturel);UNNAMED85;1;3;0.0;45.453277;6.088015;5216;track;0;0;0;0;;;OSM
(sans nom #85 Ecoulement naturel);UNNAMED85;2;2;226.9;45.451813;6.089907;5262;road;0;0;0;0;;RTE DE TERRAILLON|Route de Terraillon;BD|OSM
(sans nom #85 Ecoulement naturel);UNNAMED85;3;1;574.6;45.450962;6.094002;5502;road;0;0;0;0;;RTE DE LA CHAPELLE BLANCHE|Route de la Chapelle Blanche;BD|OSM
(sans nom #86 Ecoulement naturel);UNNAMED86;1;7;225.4;45.460003;6.089019;5702;mixed:foot+track;0;0;0;0;;;BD|OSM
(sans nom #86 Ecoulement naturel);UNNAMED86;2;6;491.3;45.458819;6.091718;5795;track;0;0;0;0;;;BD|OSM
(sans nom #86 Ecoulement naturel);UNNAMED86;3;5;751.6;45.457116;6.093893;5831;mixed:foot+track;0;0;0;0;;;BD|OSM
(sans nom #86 Ecoulement naturel);UNNAMED86;4;4;868.8;45.456499;6.095081;5874;road;0;0;0;0;;RTE DE LA GRANGETTE|Route de la Grangette;BD|OSM
(sans nom #86 Ecoulement naturel);UNNAMED86;5;3;1269.6;45.45434;6.099097;6027;foot;1;0;0;0;;;BD|OSM
(sans nom #86 Ecoulement naturel);UNNAMED86;6;2;1333.6;45.453956;6.099704;6050;road;0;0;0;0;;RTE DE LA CHAPELLE BLANCHE|Route de la Chapelle Blanche;BD|OSM
(sans nom #86 Ecoulement naturel);UNNAMED86;7;1;1567.9;45.4523;6.101533;6096;road;0;0;0;0;;RTE DU LAC|Route du Lac;BD|OSM
(sans nom #87 Ecoulement naturel/Retenue);UNNAMED87;1;2;186.9;45.46427;6.090388;6082;mixed:foot+track;0;0;0;0;;;BD|OSM
(sans nom #87 Ecoulement naturel/Retenue);UNNAMED87;2;1;762.6;45.462999;6.083776;5601;track;0;0;0;0;;;BD|OSM
